"Geographical Areas";"Countries";"locode";"Ports";"Containers full 20'";"Containers full 40'";"Containers empty 20'";"Containers empty 40'";"TEUS";"Containerised Cargo";"Conventional Cargo";"Solid Bulk";"Liquid Bulk";"TOTAL";"lon";"lat"
"West Africa";"Angola";"AOCAB";"Cabinda";0;2;0;0;4;36.25;0;0;0;36.25;"12.18999466823061";"-5.559623190435559"
"West Africa";"Angola";"AOLOB";"Lobito";1;4;0;0;9;77.23;0;0;0;77.23;"13.23248118266855";"-8.836340255012658"
"West Africa";"Angola";"AOLAD";"Luanda";39;53;0;1;147;1827.34;380.62;0;0;2207.96;"13.541230019798377";"-12.3700085257492"
"West Africa";"Benin";"BJCOO";"Cotonou";153;215;0;0;583;8230.81;1343.08;0;0;9573.89;"-1.5266696149164432";"12.372261836543373"
"West Africa";"Burkina Faso";"BFOUA";"Ouagadougou";2;3;0;0;8;58.73;0;0;0;58.73;"2.518044740568598";"6.401954422782467"
"West Africa";"Cameroun";"CMDLA";"Douala";421;360;0;1;1143;14482.43;831.06;0;0;15313.49;"11.880039427343831";"-4.7700073050156675"
"West Africa";"Cape verde";"CVRAI";"Praia";6;6;0;0;18;150.63;0;0;0;150.63;"-4.041994118507091";"5.321942826098564"
"West Africa";"Congo";"CGPNR";"Pointe Noire";205;279;0;0;763;8653;1027.66;0;0;9680.66;"-6.639967083146814";"4.770418110061598"
"West Africa";"Equatorial Guinea";"GQBSG";"Bata";1;8;0;0;17;151.28;0;0;0;151.28;"9.708045147498297";"4.062355627200191"
"West Africa";"Equatorial Guinea";"GQSSG";"Malabo";1;3;0;0;7;111.77;0;0;0;111.77;"-23.51668888497221";"14.916698017328656"
"West Africa";"Gabon";"GALBV";"Libreville";158;132;0;0;422;6189.04;323;0;0;6512.04;"9.457965045823698";"0.3853886097185182"
"West Africa";"Gabon";"GAPOG";"Port Gentil";1;2;0;0;5;82.69;0;0;0;82.69;"8.780021930586656";"-0.7200219534370262"
"West Africa";"Gambia";"GMBJL";"Banjul";6;23;0;0;52;654.8;34.2;0;0;689;"0.022164446828043555";"5.623227011061987"
"West Africa";"Ghana";"GHTKD";"Takoradi";157;1197;0;0;2551;26413.44;347.28;0;0;26760.72;"-1.7433817795071167";"4.884793346965341"
"West Africa";"Ghana";"GHTEM";"Tema";1485;862;1;0;321;47228.68;5372.59;0;0;52601.27;"-16.591701489212596";"13.45387646031594"
"West Africa";"Guinea";"GNCKY";"Conakry";25;62;0;0;149;1656.66;976.28;0;0;2632.94;"-13.682180886123945";"9.53346870502179"
"West Africa";"Ivory coast";"CIABJ";"Abidjan";1131;978;2;6;3101;41277.62;4036.03;0;0;45313.65;"9.769987344002061";"1.8700008330317814"
"West Africa";"Ivory coast";"CISPY";"San Pedro";308;178;1;1;3871;37960.23;0;0;0;37960.23;"8.783277545821136";"3.750015278026183"
"West Africa";"Liberia";"LRMLW";"Monrovia";39;33;3;0;108;1524;93.5;0;0;1617.5;"-10.799660436775923";"6.314581647160139"
"West Africa";"Mauritania";"MRNKC";"Nouakchott";23;7;0;0;37;412.74;0;0;0;412.74;"-15.975340414890013";"18.086427021247516"
"West Africa";"Namibia";"NAWVB";"Walvis Bay";5;10;0;0;25;235.16;0;0;0;235.16;"14.505305540635675";"-22.95752765014055"
"West Africa";"Nigeria";"NGAPP";"Apapa";301;225;0;0;751;9798.47;0;0;0;9798.47;"3.3745476485943335";"6.4513374482672265"
"West Africa";"Nigeria";"NGLOS";"Lagos";1334;796;0;0;2926;42439.92;32045.23;0;32704;107189.15;"3.3895852125984334";"6.445207512093191"
"West Africa";"Nigeria";"NGONN";"Onne";136;92;0;0;320;4744.52;0;0;0;4744.52;"7.156855294621589";"4.722309824899131"
"West Africa";"Nigeria";"NGTIN";"Tincan";1159;1531;0;0;4221;54559.44;0;0;0;54559.44;"3.349546801756169";"6.431721036237442"
"West Africa";"Sao Tomè Principe";"STTMS";"Sao Tomè Island";2;1;0;0;4;46.8;0;0;0;46.8;"-13.236161599012746";"8.471957271098177"
"West Africa";"Senegal";"SNDKR";"Dakar";1748;1781;6;3;5322;66086.92;15802.74;0;0;81889.66;"-17.47507598705056";"14.717777583623274"
"West Africa";"Sierra leone";"SLFNA";"Freetown";8;6;0;0;20;228.84;213.71;0;0;442.55;"6.733325153234773";"0.3334021188329075"
"West Africa";"Togo";"TGLFW";"Lomè";97;181;0;0;459;5399.06;13128.42;0;0;18527.48;"1.22081126074562";"6.133882930268385"
"West Africa";"Zaire";"ZRBOA";"Boma";0;0;0;0;0;0;146.09;0;0;146.09;"13.049993854431932";"-5.829994284186569"
"East Africa";"Burundi";"BIBJM";"Bujumbura";0;1;0;0;2;30.8;0;0;0;30.8;"29.360006061528395";"-3.376087220374643"
"East Africa";"Comoros";"KMYVA";"Moroni";0;3;0;0;6;91.27;0;0;0;91.27;"43.148001667052256";"11.595014464255485"
"East Africa";"Djibouti";"DJJIB";"Djibouti";2015;206;0;0;6135;65884.95;12137.56;0;0;78022.51;"39.4500361722458";"15.610118224037251"
"East Africa";"Eritrea";"ERMSW";"Massawa";9;3;0;0;15;185.67;0;0;0;185.67;"38.69805857534868";"9.035256221295754"
"East Africa";"Ethiopia";"ETADD";"Addis Ababa";2;0;0;0;2;30.3;0;0;0;30.3;"39.68797231233191";"-4.038080163847781"
"East Africa";"Kenya";"KEMBA";"Mombasa";305;1223;0;7;551;88129.45;3631.18;0;0;91760.63;"43.240244098693324";"-11.70415769566847"
"East Africa";"Madagascar";"MGNOS";"Nossi-Be";14;0;0;0;14;150.42;0;0;0;150.42;"48.266603961994576";"-13.400023174190835"
"East Africa";"Madagascar";"MGTMM";"Tamatave";37;28;0;0;93;1111.99;0;0;0;1111.99;"43.68998408892941";"-23.356831442459736"
"East Africa";"Madagascar";"MGTLE";"Tulear";1;0;0;0;1;13.48;0;0;0;13.48;"49.40498408895229";"-18.18179848345477"
"East Africa";"Mauritius";"MUPLU";"Port Louis";48;24;0;0;96;1252.17;0;0;0;1252.17;"57.49999385460973";"-20.166638571353246"
"East Africa";"Mozambique";"MZBEW";"Beira";10;21;0;0;52;566.5;0;0;0;566.5;"34.83406604925692";"-19.828497170830442"
"East Africa";"Mozambique";"MZMPM";"Maputo";164;199;0;0;562;6496.49;211.58;0;0;6708.07;"40.66698505643243";"-14.543563428477633"
"East Africa";"Mozambique";"MZMNC";"Nacala";3;11;0;0;25;350.72;0;0;0;350.72;"32.58721710397009";"-25.953331628778983"
"East Africa";"Reunion";"REPDG";"Port Reunion";85;90;0;0;265;2977.05;0;0;0;2977.05;"55.27958847874259";"-20.933435873440217"
"East Africa";"Seychelles";"SCPOV";"Port Victoria";178;28;0;0;234;3964.31;0;0;0;3964.31;"55.44998978559113";"-4.6166316539734"
"East Africa";"Somalia";"SOBBO";"Berbera";3;0;0;0;3;81.45;0;0;0;81.45;"31.580025592787308";"4.829975198277964"
"East Africa";"South Africa";"ZACPT";"Cape Town";307;296;0;0;899;9923.61;0;0;0;9923.61;"37.21642573929415";"19.61579103492562"
"East Africa";"South Africa";"ZAZBA";"Coega";111;92;0;0;295;3494.66;0;0;0;3494.66;"45.016414752997264";"10.435550352922803"
"East Africa";"South Africa";"ZADUR";"Durban";2357;2205;2;0;6769;84234.98;3666.24;0;0;87901.22;"39.26639597769457";"-6.798066736124383"
"East Africa";"South Africa";"ZAJNB";"Johannesburg/dbn";77;60;0;0;197;2336.23;0;0;0;2336.23;"39.0900064684684";"-5.070040670902188"
"East Africa";"South Africa";"ZAPLZ";"Port Elizabeth";15;4;0;0;23;316.43;0;0;0;316.43;"39.20002559281767";"-6.159999980802468"
"East Africa";"South Africa";"ZAPRY";"Pretoria";10;1;0;0;12;185.68;0;0;0;185.68;"18.43304229922603";"-33.91806510862875"
"East Africa";"Sudan";"SDJUM";"Jubail";0;0;0;0;0;0;647;0;0;647;"30.97806467883339";"-29.863067143117632"
"East Africa";"Sudan";"SDPZU";"Port Sudan";125;327;0;0;779;6420.9;0;0;0;6420.9;"28.028063865019476";"-26.16809888138414"
"East Africa";"Tanzania";"TZDAR";"Dar es Salaam";777;430;0;2;1641;23531.6;3997.97;0;0;27529.57;"25.598082989358886";"-33.96808789508731"
"East Africa";"Tanzania";"TZTGT";"Tanga";2;3;0;0;8;113.56;0;0;0;113.56;"28.22748321723384";"-25.704974695184433"
"East Africa";"Tanzania";"TZZNZ";"Zanzibar";13;5;0;0;23;350.59;0;0;0;350.59;"25.69389389261687";"-33.80399782044552"
"East Africa";"Zimbabwe";"ZWHRE";"Harare";2;0;0;0;2;32.35;0;0;0;32.35;"31.042763572062825";"-17.815843835777798"
"North Africa";"Algeria";"DZALG";"Alger";2032;329;0;1;8614;82633.48;0;0;0;82633.48;"7.759980833577401";"36.920006122885525"
"North Africa";"Algeria";"DZAAE";"Annaba";102;127;92;30;508;4446.24;0;1496;0;5942.24;"3.048606670909237";"36.765010656628135"
"North Africa";"Algeria";"DZBJA";"Bejaia";217;201;0;0;619;8897.75;0;0;0;8897.75;"5.070015827056295";"36.760377623535874"
"North Africa";"Algeria";"DZDJE";"Djen Djen";0;0;0;0;0;0;18;0;0;18;"5.766003560136312";"36.821997033517675"
"North Africa";"Algeria";"DZGHA";"Ghazaouet";22;461;0;0;944;11934.86;0;0;0;11934.86;"-1.8634403450510535";"35.09737024712251"
"North Africa";"Algeria";"DZORN";"Oran";162;99;0;0;360;5326.1;0;2267;0;7593.1;"-0.6219186383503938";"35.71194831938408"
"North Africa";"Algeria";"DZSKI";"Skikda";133;129;0;0;391;4748.05;1048.73;0;92242;98038.78;"6.89998164737608";"36.880421975749925"
"North Africa";"Egypt";"EGSUZ";"Suez";0;0;0;0;0;0;0;0;38745;38745;"29.948050030391755";"31.201965205759393"
"North Africa";"Egypt";"EGALY";"Alexandria";5849;5732;78;39;17469;224735.32;6556.64;958;5077;237326.96;"31.820010944350713";"31.42039349265508"
"North Africa";"Egypt";"EGDAM";"Damietta";1127;2497;11;166;6464;81877.49;51;0;0;81928.49;"32.290008096045256";"31.259989846821156"
"North Africa";"Egypt";"EGPSD";"Port Said";273;634;20;0;1561;17617.5;1397.5;0;180568;199583;"32.35796500115251";"31.211902281926072"
"North Africa";"Egypt";"EGPSE";"Port Said East";2045;279;152;68;7913;102820.46;0;0;0;102820.46;"32.549940550473366";"30.004976012180805"
"North Africa";"Libya";"LYKHO";"AL Khums";159;56;0;1;273;4534.55;44107.2;0;0;48641.75;"20.06477732527412";"32.11867927640111"
"North Africa";"Libya";"LYBEN";"Benghazi";1102;547;4;1;2202;32285.63;4047.35;0;0;36332.98;"14.259997516546093";"32.66042116193097"
"North Africa";"Libya";"LYMRA";"Misurata";1328;1127;4;0;3586;44717.13;11846.46;0;0;56563.59;"15.099997923450474";"32.379973163882994"
"North Africa";"Libya";"LYTIP";"Tripoli";268;2775;26;4;8264;99597.23;2741.5;0;0;102338.73;"13.180011758078194";"32.89250001935369"
"North Africa";"Morocco";"MATNG";"Tangier";288;218;0;0;724;10256.82;28964.7;0;0;39221.52;"-8.645855540259928";"33.130019431888506"
"North Africa";"Morocco";"MAPTM";"Tangier Med";464;309;0;10;1102;15672.64;48468.52;0;0;64141.16;"-9.620043580554693";"30.439988219213717"
"North Africa";"Morocco";"MAAGA";"Agadir";42;24;0;0;90;1482.22;0;0;0;1482.22;"-7.618313291698712";"33.60192207425848"
"North Africa";"Morocco";"MACAS";"Casablanca";1631;2031;0;2;5697;70286.37;14377.24;0;3011;87674.61;"-5.497257979191192";"35.89345236724475"
"North Africa";"Morocco";"MA003";"Jorf Lasfar";0;0;0;0;0;0;466.9;0;0;466.9;"-5.832703696099429";"35.747287006669865"
"North Africa";"Tunisia";"TNLSK";"La Skhirra";0;0;0;0;0;0;0;0;34959;34959;"10.165443129007427";"34.334289475857354"
"North Africa";"Tunisia";"TNRDS";"Rades";2631;2517;5;2;7674;113780.83;374737.64;0;0;488518.47;"10.283419707583414";"36.777928574818056"
"North Africa";"Tunisia";"TNSFA";"Sfax";9;0;0;0;9;190.05;0;0;0;190.05;"10.720006875255933";"34.750035216301285"
"North Africa";"Tunisia";"TNTUN";"Tunis";2393;2332;0;27;7111;91515.88;217350.36;0;0;308866.24;"10.179678099212026";"36.80277813623144"
"Central America";"Aruba";"AWORJ";"Oraniestad";39;4;0;0;47;952.14;0;0;0;952.14;"-70.0356845";"12.5268736"
"Central America";"Bahamas";"BSNAS";"Nassau";1;0;0;0;1;20;0;0;0;20;"-77.3383331";"25.0783456"
"Central America";"Barbados";"BBBGI";"Bridgetown";26;17;0;0;60;881.68;0;0;0;881.68;"-59.618848";"13.1018264"
"Central America";"Belize";"BZBZE";"Belize City";2;1;0;0;4;44;0;0;0;44;"-88.2017441";"17.4952119"
"Central America";"Cayman Islands";"KYGEC";"Georgetown";27;3;0;0;33;563.42;0;0;0;563.42;"-81.3717001";" 19.2869856"
"Central America";"Costa Rica";"CRLIO";"Puerto Limon";40;84;0;0;208;2309.53;0;0;0;2309.53;"-83.0308081";"9.9931802"
"Central America";"Costa Rica";"CRMOB";"Puerto Moin";115;90;0;538;1371;5816.33;0;0;0;5816.33;"-83.07598";"9.9990885"
"Central America";"Costa Rica";"CRSJO";"San Josè";1;2;0;0;5;49.2;0;0;0;49.2;"-84.0793006";" 9.9327307"
"Central America";"Cuba";"CUHAV";"Havana";498;679;1;31;1919;22610.53;0;0;0;22610.53;"-82.3658562";"23.1379911"
"Central America";"Cuba";"CUSCU";"Santiago de Cuba";110;85;0;2;284;4464.15;0;0;0;4464.15;"-75.828995";"20.028893"
"Central America";"Dominica";"DMRSU";"Roseau";1;0;0;0;1;24;0;0;0;24;"-61.3874067";"15.2981875"
"Central America";"Dominican Republic";"DOCAU";"Caucedo";319;303;0;24;973;11071.17;0;0;0;11071.17;"-69.644923";"18.4147841"
"Central America";"Dominican Republic";"DOHAI";"Haina";19;30;0;0;79;849.38;0;0;0;849.38;"-70.0192112";"18.4200029"
"Central America";"El salvador";"SVAQJ";"Acajutla";0;3;0;0;6;82.35;0;0;0;82.35;"-89.8277863";"13.5933997"
"Central America";"El salvador";"SVSAL";"San Salvador";17;23;0;0;63;788.21;0;0;0;788.21;"-89.19301";"13.6977587"
"Central America";"Grenada";"GDSTG";"Saint Georges";0;1;0;0;2;24.4;0;0;0;24.4;"-61.751805";"12.0535331"
"Central America";"Guadaloupe";"GPPTP";"Pointe a Pitre";816;599;0;0;2014;25319.18;30;0;0;25349.18;"-61.5334077";"16.2408636"
"Central America";"Guatemala";"GTGUA";"Guatemala City";5;3;0;0;11;130.94;0;0;0;130.94;"-90.5349083";"14.616645"
"Central America";"Guatemala";"GTSTC";"Santo Tomas de Castilla";84;95;48;10;342;3345.62;10155.81;0;0;13501.43;"-88.6111324";"15.6867134"
"Central America";"Haiti";"HTPAP";"Port au Prince";37;46;0;0;129;1489.87;0;0;0;1489.87;"-72.3395928";"18.547327"
"Central America";"Honduras";"HNPCR";"Puerto Cortes";7;15;0;0;37;362.81;0;0;0;362.81;"-87.9438054";"15.845293"
"Central America";"Honduras";"HNSAP";"San Pedro Sula";0;4;0;0;8;66.15;0;0;0;66.15;"-88.0248";"15.5064"
"Central America";"Honduras";"HNTGU";"Tegucigalpa";1;0;0;0;1;3.83;0;0;0;3.83;"-87.2012631";"14.0931919"
"Central America";"Jamaica";"JMKIN";"Kingston";746;1483;126;0;3838;47610.69;0;0;0;47610.69;"-76.7928128";"17.9712148"
"Central America";"Jamaica";"JMMBJ";"Montego Bay";2;0;0;0;2;31;0;0;0;31;"-77.9217743";"18.472114"
"Central America";"Martinique";"MQFDF";"Fort de France";424;349;1;0;1123;14785.49;0;0;0;14785.49;"-61.0767677";"14.6037193"
"Central America";"Mexico";"MXATM";"Altamira";969;1708;7;7;4406;46586.45;0;0;0;46586.45;"-97.9299915";"22.4061839"
"Central America";"Mexico";"MXCJS";"Ciudad Juarez";27;13;0;0;53;630.28;0;0;0;630.28;"-106.4951525";"31.7435143"
"Central America";"Mexico";"MXESE";"Ensenada";2;28;0;0;58;350.92;0;0;0;350.92;"-116.6248246";"31.860742"
"Central America";"Mexico";"MXGDL";"Guadalajara, gro";3;5;0;0;13;144.57;0;0;0;144.57;"-103.3469982";"20.676143"
"Central America";"Mexico";"MXLZC";"Lazaro Cardenas";2;1;0;0;4;50.36;0;0;0;50.36;"-102.1985345";"17.9597737"
"Central America";"Mexico";"MXZLO";"Manzanillo";327;265;3;6;872;11159.85;0;0;0;11159.85;"-104.3159957";"19.0506256"
"Central America";"Mexico";"MXMZT";"Mazatlan";18;4;0;0;26;498.4;0;0;0;498.4;"-106.4161919";"23.2234374"
"Central America";"Mexico";"MXMEX";"Mexico City";16;48;0;0;112;1115.15;0;0;0;1115.15;"-99.1332102";"19.4325301"
"Central America";"Mexico";"MXMTY";"Monterrey, nl";0;7;0;0;14;145.04;0;0;0;145.04;"-100.3060829";"25.6764922"
"Central America";"Mexico";"MXNLD";"Nuevo Laredo, tam";2;3;0;0;8;41.96;0;0;0;41.96;"-99.5046097";"27.4933612"
"Central America";"Mexico";"MXPGO";"Progreso";22;58;0;0;138;1191.33;0;0;0;1191.33;"-89.6638354";"21.2839331"
"Central America";"Mexico";"MXVER";"Veracruz";2;336;14;2;8738;97168;2869.15;0;0;100037.15;"-96.1385688";"19.2002198"
"Central America";"Nicaragua";"NICIO";"Corinto";1;12;0;0;25;175.37;0;0;0;175.37;"-87.1742553";"12.4816978"
"Central America";"Nicaragua";"NIMGA";"Managua";1;2;0;0;5;39.41;0;0;0;39.41;"-86.2739249";"12.1351347"
"Central America";"Panama";"PABLB";"Balboa";1;7;0;0;15;99.77;0;0;0;99.77;"-79.5593285";"8.9508895"
"Central America";"Panama";"PACTB";"Cristobal";9;35;0;0;79;943.72;0;0;0;943.72;"-79.9045593";"9.3530018"
"Central America";"Panama";"PAMAN";"Manzanillo";640;1113;3;7;2883;29697.46;19;0;0;29716.46;"-104.3159957";"19.0506256"
"Central America";"Panama";"PAPTY";"Panama City";0;2;0;0;4;28.66;0;0;0;28.66;"-79.5344539";"8.9707433"
"Central America";"Puerto Rico";"PRSJU";"San Juan";52;110;0;0;272;3577.67;0;0;0;3577.67;"-66.0755069";"18.4464186"
"Central America";"St Vincent";"VCKTN";"Kingstown, St. Vincent";1;3;0;0;7;69.59;0;0;0;69.59;"-61.2248777";"13.1561653"
"Central America";"Trinidad";"TTPOS";"Port of Spain";37;30;0;0;97;1309.02;0;0;0;1309.02;"-61.5180943";"10.6571705"
"Central America";"Us Virgin Islands";"VICHA";"Charlotte Amalie, Saint Thomas";0;0;0;0;0;0;493;0;0;493;"-64.932789";"18.3411365"
"North America";"Bermuda";"BMBDA";"Hamilton";26;19;0;0;64;947.65;0;0;0;947.65;"-64.7827441";"32.2953461"
"North America";"Canada";"CAGGW";"Georgetown";11;12;0;0;35;330.71;0;0;0;330.71;"-62.5315437";"46.1844077"
"North America";"Canada";"CAHAL";"Halifax";198;1115;0;8;2444;32365.5;0;0;0;32365.5;"-63.5749724";"44.6484246"
"North America";"Canada";"CAWNP";"Winnipeg";13;22;0;0;57;509.61;0;0;0;509.61;"-97.1666741";"49.8833343"
"North America";"Canada";"CACAL";"Calgary";115;96;0;0;307;4234.97;0;0;0;4234.97;"-114.0625614";"51.0530588"
"North America";"Canada";"CAVAN";"Vancouver";257;931;0;5;2129;28904.73;0;0;0;28904.73;"-122.6744557";"45.6306954"
"North America";"Canada";"CAGAL";"Cambridge (ex Galt)";1;0;0;0;1;9.23;0;0;0;9.23;"-80.3116778";" 43.3614741"
"North America";"Canada";"CAHAM";"Hamilton";3;10;0;0;23;198.36;0;0;0;198.36;"-79.8678197";"43.254687"
"North America";"Canada";"CAKTC";"Kitchener";0;3;0;0;6;40.43;0;0;0;40.43;"-80.4924615";"43.4516552"
"North America";"Canada";"CALTW";"Listowel";1;9;0;0;19;188.44;0;0;0;188.44;"-80.9528819";"43.7315933"
"North America";"Canada";"CAMTR";"Montreal";3639;9672;0;46;23075;253166;0;0;0;253166;"-73.5912827";"45.5224507"
"North America";"Canada";"CAOTT";"Ottawa";0;2;0;0;4;17.45;0;0;0;17.45;"-75.6900219";"45.4210328"
"North America";"Canada";"CAQUE";"Quebec";0;1;0;0;2;13.85;0;0;0;13.85;"-71.2349114";"46.8257374"
"North America";"Canada";"CASBR";"Sherbrooke";1;4;0;0;9;70.18;0;0;0;70.18;"-71.887681";"45.4029964"
"North America";"Canada";"CATRR";"Three Rivers (Trois-Rivieres)";3;9;0;0;21;262.45;0;0;0;262.45;"-72.5557583";"46.3318149"
"North America";"Canada";"CATOR";"Toronto";346;767;0;0;188;20905.37;0;0;0;20905.37;"-79.3849008";"43.6529206"
"North America";"Canada";"CAWEL";"Welland";4;15;0;0;34;388.85;0;0;0;388.85;"-79.2491031";"42.9923973"
"North America";"Canada";"CAWND";"Windsor";2;13;0;0;28;323.52;0;0;0;323.52;"-83.0285111";"42.3032758"
"North America";"United States of America";"USATL";"Atlanta, ga";10;8;0;0;26;292.2;0;0;0;292.2;"-84.3901849";"33.7490987"
"North America";"United States of America";"USJBK";"Berkeley";0;2;0;0;4;47.44;0;0;0;47.44;"-122.2728639";"37.8708393"
"North America";"United States of America";"USCHS";"Charleston";7;9;0;0;25;289.79;0;0;0;289.79;"-79.9402728";"32.7876012"
"North America";"United States of America";"USCLT";"Charlotte, nc";13;138;0;0;289;2427.22;0;0;0;2427.22;"-80.8431268";"35.2270869"
"North America";"United States of America";"USCHA";"Chattanooga, tn";22;6;0;0;34;469.44;0;0;0;469.44;"-85.3096801";"35.0456297"
"North America";"United States of America";"USDAB";"Daytona Beach";2;10;0;0;22;185.68;0;0;0;185.68;"-81.0228331";"29.2108147"
"North America";"United States of America";"USDEC";"Decatur";0;7;0;0;14;149.7;0;0;0;149.7;"-88.9524151";"39.8454163"
"North America";"United States of America";"USFLL";"Fort Lauderdale, fl";1;3;0;0;7;43.57;0;0;0;43.57;"-80.1433786";"26.1223084"
"North America";"United States of America";"USFPR";"Fort Pierce";1;3;0;0;7;54.65;0;0;0;54.65;"-80.3256056";"27.4467056"
"North America";"United States of America";"USJAX";"Jacksonville";19;192;0;0;403;4425.74;0;0;0;4425.74;"-81.655651";"30.3321838"
"North America";"United States of America";"USKCK";"Kansas City ks";7;43;0;0;93;1004.22;0;0;0;1004.22;"-94.7495246";"39.1146799"
"North America";"United States of America";"USMKC";"Kansas City mo";25;32;0;0;89;1166.04;0;0;0;1166.04;"-94.5630298";"39.0844687"
"North America";"United States of America";"USTYS";"Knoxville, tn";1;34;0;0;69;450.81;0;0;0;450.81;"-83.9210261";"35.9603948"
"North America";"United States of America";"USMIA";"Miami";11;7;0;0;25;225.63;0;0;0;225.63;"-80.1936589";"25.7742658"
"North America";"United States of America";"USMRY";"Monterry, ca";0;2;0;0;4;12.6;0;0;0;12.6;"-121.89194";"36.60120"
"North America";"United States of America";"USORL";"Orlando, fl";9;35;0;0;79;799.9;0;0;0;799.9;"-81.3790462";"28.5421175"
"North America";"United States of America";"USPAB";"Palm Beach";0;0;0;0;0;0;780;0;0;780;"-80.03647";"26.705565"
"North America";"United States of America";"USPEF";"Port Everglades";1058;3117;0;0;7292;93317.93;0;0;0;93317.93;"-80.1272606";"26.0968524"
"North America";"United States of America";"USINT";"Salem, nc";0;2;0;0;4;41.71;0;0;0;41.71;"-81.1953572";"35.4340236"
"North America";"United States of America";"USSAV";"Savannah";3251;8151;9;200;19962;211494.01;0;0;0;211494.01;"-81.0998342";"32.0835407"
"North America";"United States of America";"USPBI";"West Palm Beach";0;0;0;0;0;0;462.2;0;0;462.2;"-80.0533746";"26.7153425"
"North America";"United States of America";"USALB";"Albany/Alburg apt";1;0;0;0;1;10.03;0;0;0;10.03;"-73.754968";"42.6511674"
"North America";"United States of America";"USBAL";"Baltimore";34;152;18;30;416;4186.3;0;0;0;4186.3;"-76.6108073";"39.2908608"
"North America";"United States of America";"USBAY";"Bayonne";5;0;0;0;5;98.19;0;0;0;98.19;"-74.1151";"40.6598"
"North America";"United States of America";"USBOS";"Boston";16;12;0;0;40;496.95;0;0;0;496.95;"-71.0641";"42.3595"
"North America";"United States of America";"USBOY";"Brooklyn/New York";0;4;0;0;8;53.48;0;0;0;53.48;"-73.9495823";"40.6501038"
"North America";"United States of America";"USCDE";"Camden";9;2;0;0;13;223.49;0;0;0;223.49;"-75.1198";"39.9460"
"North America";"United States of America";"USCSF";"Carteret";15;4;0;0;23;385.87;0;0;0;385.87;"-76.5931208";"34.8496625"
"North America";"United States of America";"USUBS";"Columbus, mi";1;0;0;0;1;8.64;0;0;0;8.64;"-88.4272627";"33.4956744"
"North America";"United States of America";"USGBO";"Greensboro";19;25;0;0;69;853.92;0;0;0;853.92;"-79.79114";"36.07270"
"North America";"United States of America";"USHAR";"Harrisburg, pa";7;24;0;0;55;359.35;0;0;0;359.35;"-76.8870";"40.2667"
"North America";"United States of America";"USHVN";"New Haven";1;10;0;0;21;183.05;0;0;0;183.05;"-72.92312";"41.30975"
"North America";"United States of America";"USNYC";"New York";3717;11907;0;16;27563;300934.84;0;0;0;300934.84;"-73.9865812";"40.7305991"
"North America";"United States of America";"USEWR";"Newark";2868;1181;2;9;26508;291737.49;0;0;0;291737.49;"-74.1728";"40.7355"
"North America";"United States of America";"USORF";"Norfolk";324;6017;0;0;15274;174730.65;0;0;0;174730.65;"-76.2904";"36.9100"
"North America";"United States of America";"USPAT";"Paterson";11;49;0;0;109;1445.28;0;0;0;1445.28;"-74.1730";"40.9175"
"North America";"United States of America";"USPHL";"Philadelphia";22;57;0;0;136;1399.71;0;0;0;1399.71;"-75.1748";"39.9428"
"North America";"United States of America";"USPIT";"Pittsburgh, pa";24;16;0;0;56;628.8;0;0;0;628.8;"-79.9915";"40.4417"
"North America";"United States of America";"USPWM";"Portland (East Coast)";0;2;0;0;4;31.93;0;0;0;31.93;"-70.2504";"43.6635"
"North America";"United States of America";"USRLL";"Roselle";19;41;0;0;101;845.39;0;0;0;845.39;"-88.0917";"41.9750"
"North America";"United States of America";"USGSP";"Spartanburg, sc";6;44;0;0;94;751.69;0;0;0;751.69;"-81.9310";"34.9504"
"North America";"United States of America";"USGEG";"Spokane, wa";1;0;0;0;1;21.87;0;0;0;21.87;"-117.42403";"47.65776"
"North America";"United States of America";"USSUT";"Sunny Point";0;1;0;0;2;23;0;0;0;23;"-77.9461";"34.0007"
"North America";"United States of America";"USORH";"Worcester";5;6;0;0;17;240.01;0;0;0;240.01;"-71.8002";"42.2617"
"North America";"United States of America";"USABQ";"Albuquerque, nm";3;11;0;0;25;184.2;0;0;0;184.2;"-106.65207";"35.08371"
"North America";"United States of America";"USBTR";"Baton Rouge";1;9;0;0;19;112.69;0;0;0;112.69;"-91.15443";"30.45087"
"North America";"United States of America";"USBHM";"Birmingham, al";3;9;0;0;21;183.78;0;0;0;183.78;"-86.8052";"33.5199"
"North America";"United States of America";"USBRO";"Brownsville";1;15;0;0;31;382;0;0;0;382;"-97.4872";"25.9170"
"North America";"United States of America";"USDAL";"Dallas";29;113;0;0;255;2001.48;0;0;0;2001.48;"-96.8000082";"32.7801052"
"North America";"United States of America";"USELP";"El Paso, tx";21;110;0;0;241;2188.27;0;0;0;2188.27;"-106.487287";"31.7600372"
"North America";"United States of America";"USFPO";"Freeport tx";1;0;0;0;1;21.2;0;0;0;21.2;"-95.35969";"28.95420"
"North America";"United States of America";"USGLS";"Galveston";0;1;0;0;2;17.42;0;0;0;17.42;"-94.7976";"29.2990"
"North America";"United States of America";"USGPT";"Gulfport";1;0;0;0;1;23.51;0;0;0;23.51;"-89.0928155";"30.3674198"
"North America";"United States of America";"USHID";"Hidalgo";3;1;0;0;5;46.55;0;0;0;46.55;"-98.2496";"26.1027"
"North America";"United States of America";"USHOU";"Houston";3702;4832;11;41;13459;182704.52;426.95;0;0;183131.47;"-95.36591";"29.75799"
"North America";"United States of America";"USLRD";"Laredo, tx";13;11;0;0;35;335.75;0;0;0;335.75;"-99.5088";"27.5063"
"North America";"United States of America";"USLIT";"Little Rock, ar";0;6;0;0;12;142.37;0;0;0;142.37;"-92.2895948";"34.7464809"
"North America";"United States of America";"USLBB";"Lubbock, tx";0;8;0;0;16;167.78;0;0;0;167.78;"-101.85375";"33.57789"
"North America";"United States of America";"USMEM";"Memphis, tn";32;80;0;0;192;1667.43;0;0;0;1667.43;"-90.05094";"35.14941"
"North America";"United States of America";"USMOB";"Mobile";25;15;0;0;55;711.63;0;0;0;711.63;"-88.04386";"30.69520"
"North America";"United States of America";"USBNA";"Nashville, tn";6;14;0;0;34;257.03;0;0;0;257.03;"-86.7743419";"36.1622257"
"North America";"United States of America";"USMSY";"New Orleans";419;281;1;0;982;15113.72;0;0;0;15113.72;"-90.0694";"29.9478"
"North America";"United States of America";"USOSD";"Odessa tx";0;28;0;0;56;643.51;0;0;0;643.51;"-102.36757";"31.84599"
"North America";"United States of America";"USOKC";"Oklahoma City";2;9;0;0;20;190.21;0;0;0;190.21;"-97.51934";"35.47024"
"North America";"United States of America";"USOMA";"Omaha, ne";1;2;0;0;5;17.91;0;0;0;17.91;"-96.1266";"41.2052"
"North America";"United States of America";"USPCR";"Point Comfort";1;2;0;0;5;68.2;0;0;0;68.2;"-96.56149";"28.67946"
"North America";"United States of America";"USPLV";"Port Lavaca";2;1;0;0;4;45.73;0;0;0;45.73;"-96.62396";"28.61535"
"North America";"United States of America";"USSAT";"San Antonio";1;37;0;0;75;839.41;0;0;0;839.41;"-98.49461";"29.42467"
"North America";"United States of America";"USSTL";"St. Louis";5;14;0;0;33;377.45;0;0;0;377.45;"-90.19495";"38.62750"
"North America";"United States of America";"USTPA";"Tampa";54;87;0;0;228;3472.96;0;0;0;3472.96;"-82.458444";"27.9477595"
"North America";"United States of America";"USTUL";"Tulsa, ok";0;3;0;0;6;38.69;0;0;0;38.69;"-95.9902";"36.1524"
"North America";"United States of America";"USICT";"Wichita, ks";10;66;0;0;142;1341.72;0;0;0;1341.72;"-97.3384";"37.6938"
"North America";"United States of America";"USALG";"Algonac";0;1;0;0;2;21.38;0;0;0;21.38;"-82.53084";"42.61833"
"North America";"United States of America";"USARB";"Ann Arbor";1;0;0;0;1;13.29;0;0;0;13.29;"-83.73365";"42.26758"
"North America";"United States of America";"USATW";"Appleton";3;3;0;0;9;76.29;0;0;0;76.29;"-88.40785";"44.26086"
"North America";"United States of America";"USASH";"Ashtabula, oh";0;6;0;0;12;72.52;0;0;0;72.52;"-80.7887";"41.8685"
"North America";"United States of America";"USBTL";"Battle Creek, mi";4;13;0;0;30;290.11;0;0;0;290.11;"-85.18192";"42.31937"
"North America";"United States of America";"USBUF";"Buffalo";11;23;0;0;57;509.39;0;0;0;509.39;"-78.8754";"42.8839"
"North America";"United States of America";"USCCO";"Canton, oh";5;30;0;0;65;496.17;0;0;0;496.17;"-81.37838";"40.79875"
"North America";"United States of America";"USCID";"Cedar Rapids";0;4;0;0;8;68.97;0;0;0;68.97;"-91.67521";"41.97469"
"North America";"United States of America";"USCHI";"Chicago";994;1007;0;0;3008;36146.39;0;0;0;36146.39;"-87.6239";"41.8743"
"North America";"United States of America";"USCVG";"Cincinnati";27;34;0;0;95;964.21;0;0;0;964.21;"-84.5124602";"39.1014537"
"North America";"United States of America";"USCLE";"Cleveland, oh";44;93;0;0;230;2841.39;0;0;0;2841.39;"-81.67776";"41.48708"
"North America";"United States of America";"USCMH";"Columbus, oh";70;119;0;0;308;3626.96;0;0;0;3626.96;"-82.99980";"39.96271"
"North America";"United States of America";"USDAY";"Dayton, oh";3;45;0;0;93;870.43;0;0;0;870.43;"-84.19051";"39.75932"
"North America";"United States of America";"USDSM";"Des Moines";7;32;0;0;71;527.79;0;0;0;527.79;"-93.60376";"41.59140"
"North America";"United States of America";"USDET";"Detroit";227;353;0;0;933;11559.85;0;0;0;11559.85;"-83.05657";"42.34841"
"North America";"United States of America";"USDLH";"Duluth";1;12;0;0;25;262.44;0;0;0;262.44;"-92.12364";"46.77300"
"North America";"United States of America";"USERI";"Erie";1;2;0;0;5;56.99;0;0;0;56.99;"-80.08489";"42.12968"
"North America";"United States of America";"USEVV";"Evansville, in";0;1;0;0;2;23.8;0;0;0;23.8;"-87.55886";"37.97408"
"North America";"United States of America";"USFWA";"Fort Wayne";3;43;0;0;89;487.77;0;0;0;487.77;"-85.1370";"41.0811"
"North America";"United States of America";"USGHN";"Grand Haven, mi";1;0;0;0;1;7.87;0;0;0;7.87;"-86.22847";"43.06328"
"North America";"United States of America";"USGRR";"Grand Rapids";3;9;0;0;21;194.93;0;0;0;194.93;"-85.66817";"42.96361"
"North America";"United States of America";"USGRB";"Green Bay";1;2;0;0;5;28.48;0;0;0;28.48;"-88.0189";"44.5351"
"North America";"United States of America";"USIND";"Indianapolis, in";43;33;0;0;109;1459.07;0;0;0;1459.07;"-86.1580447";"39.7683795"
"North America";"United States of America";"USENW";"Kenosha";2;6;0;0;14;134.57;0;0;0;134.57;"-87.8209";"42.5840"
"North America";"United States of America";"USLUI";"Louisville,";69;72;0;0;213;2755.53;0;0;0;2755.53;"-85.7634";"38.2455"
"North America";"United States of America";"USMNN";"Marion";1;53;0;0;107;1094.07;0;0;0;1094.07;"-88.9314";"37.7309"
"North America";"United States of America";"USMKE";"Milwaukee";44;57;0;0;158;2152.67;0;0;0;2152.67;"-87.9217";"43.0344"
"North America";"United States of America";"USPIA";"Peoria, Il";26;9;0;0;44;663.93;0;0;0;663.93;"-89.5857";"40.6932"
"North America";"United States of America";"USPHN";"Port Huron";5;0;0;0;5;106.35;0;0;0;106.35;"-82.4370";"42.9824"
"North America";"United States of America";"USRAC";"Racine";1;1;0;0;3;31;0;0;0;31;"-87.78462";"42.72694"
"North America";"United States of America";"USROC";"Rochester";1;0;0;0;1;6.9;0;0;0;6.9;"-77.6144";"43.1579"
"North America";"United States of America";"USROU";"Romulus";52;71;0;0;194;1970.07;0;0;0;1970.07;"-83.3942";"42.2229"
"North America";"United States of America";"USSTP";"St. Paul";2;2;0;0;6;63.92;0;0;0;63.92;"-170.2782";"57.1246"
"North America";"United States of America";"USSYR";"Syracuse";12;0;0;0;12;148.64;0;0;0;148.64;"-76.14891";"43.04862"
"North America";"United States of America";"USTOL";"Toledo";17;67;0;0;151;1482.01;0;0;0;1482.01;"-83.5086";"41.6801"
"North America";"United States of America";"USWXD";"Wexford";3;7;0;0;17;164.14;0;0;0;164.14;"-80.055891";"40.6264561"
"North America";"United States of America";"USBNC";"Benicia";0;1;0;0;2;22.75;0;0;0;22.75;"-122.1563";"38.0496"
"North America";"United States of America";"USCRO";"Corcoran, ca";0;4;0;0;8;96;0;0;0;96;"-119.56022";"36.09791"
"North America";"United States of America";"USDEN";"Denver, co";37;39;0;0;115;1210.47;0;0;0;1210.47;"-104.9842";"39.73859"
"North America";"United States of America";"USFAT";"Fresno, ca";2;6;0;0;14;113.27;0;0;0;113.27;"-119.78182";"36.73974"
"North America";"United States of America";"USOGG";"Kahului, ha";1;0;0;0;1;20.8;0;0;0;20.8;"-156.4695";"20.8912"
"North America";"United States of America";"USLAS";"Las Vegas, nv";0;11;0;0;22;207.03;0;0;0;207.03;"-115.15990";"36.14490"
"North America";"United States of America";"USLGB";"Long Beach";2;36;0;0;74;645.23;0;0;0;645.23;"-118.1739";"33.7762"
"North America";"United States of America";"USLAX";"Los Angeles";1178;4243;0;0;9664;119878.23;0;0;0;119878.23;"-118.2427025";"34.0536781"
"North America";"United States of America";"USPHX";"Phoenix, az";2;4;0;0;10;97.55;0;0;0;97.55;"-112.0708";"33.4477"
"North America";"United States of America";"USRNO";"Reno";1;3;0;0;7;89.44;0;0;0;89.44;"-119.81381";"39.52906"
"North America";"United States of America";"USRCH";"Richmond";0;5;0;0;10;110.61;0;0;0;110.61;"-122.3466";"37.9344"
"North America";"United States of America";"USROM";"Round Mountain";1;0;0;0;1;6.3;0;0;0;6.3;"-117.0660211";"38.7115736"
"North America";"United States of America";"USSAC";"Sacramento";2;4;0;0;10;85.18;0;0;0;85.18;"-121.2980707";"38.4732259"
"North America";"United States of America";"USSAN";"San Diego";0;2;0;0;4;20.29;0;0;0;20.29;"-117.21032";"32.74602"
"North America";"United States of America";"USSFO";"San Francisco";1;3;0;0;7;44.45;0;0;0;44.45;"-122.41826";"37.77932"
"North America";"United States of America";"USSPQ";"San Pedro";1;0;0;0;1;20;0;0;0;20;"-118.2819";"33.7319"
"North America";"United States of America";"USSCK";"Stockton";0;2;0;0;4;22.47;0;0;0;22.47;"-121.2923";"37.9572"
"North America";"United States of America";"USANC";"Anchorage";3;0;0;0;3;42.99;0;0;0;42.99;"-149.9002806";"61.218056"
"North America";"United States of America";"USEDM";"Edmonds";1;2;0;0;5;36.31;0;0;0;36.31;"-122.37816";"47.81037"
"North America";"United States of America";"USHNL";"Honolulu/Oahu";10;14;0;0;38;528.68;0;0;0;528.68;"-157.8556764";" 21.304547"
"North America";"United States of America";"USOAK";"Oakland";327;2234;0;0;4795;58771.61;0;0;0;58771.61;"-122.2703";"37.8037"
"North America";"United States of America";"USPDX";"Portland (West Coast)";92;182;6;0;462;5163.9;0;0;0;5163.9;"-122.6723";"45.5205"
"North America";"United States of America";"USSLC";"Saltlake City, ut";18;32;0;0;82;922.21;0;0;0;922.21;"-111.8904308";"40.7670126"
"North America";"United States of America";"USSEA";"Seattle";86;94;0;0;274;3870.02;0;0;0;3870.02;"-122.3306";"47.6052"
"North America";"United States of America";"USTIW";"Tacoma, wa";41;82;0;0;205;2174.9;0;0;0;2174.9;"-122.4371";"47.2507"
"South America";"Argentina";"ARBUE";"Buenos Aires";4044;585;5;16;15781;180554.69;17.9;0;0;180572.59;"-58.3994772323314";"-34.6005557499074"
"South America";"Argentina";"ARPMY";"Puerto Madryn";121;0;0;0;121;3472;0;0;0;3472;"-65.0400199805159";"-42.7700134086833"
"South America";"Argentina";"ARROS";"Rosario";9;31;0;0;71;603.26;0;0;0;603.26;"-60.6682534774578";"-32.9491836795884"
"South America";"Argentina";"ARUSH";"Ushuaia";0;38;0;0;76;895.62;0;0;0;895.62;"-68.3100012630811";"-54.7900032362053"
"South America";"Argentina";"ARZAE";"Zarate";17;29;0;0;75;1107.61;1495.05;0;0;2602.66;"-59.0400244564034";"-34.0895613415913"
"South America";"Brazil";"BRITJ";"Itajai";313;568;0;86;1621;15258.97;0;0;0;15258.97;"-48.6800108251771";"-26.8996126110938"
"South America";"Brazil";"BRIOA";"Itapora";94;129;0;0;352;4087.26;0;0;0;4087.26;"-54.7962672900258";"-22.0837988462616"
"South America";"Brazil";"BRMAO";"Manaus";37;5;0;0;47;841.52;0;0;0;841.52;"-60.0019633977025";"-3.09808586045858"
"South America";"Brazil";"BRNVT";"Navegantes";959;1457;0;641;5155;50895.64;0;0;0;50895.64;"-48.6476951239658";"-26.8892552590553"
"South America";"Brazil";"BRPNG";"Paranagua";799;1035;0;24;2917;35500.13;122.12;0;0;35622.25;"-48.5344534527007";"-25.5278755587356"
"South America";"Brazil";"BRPEC";"Pecem";48;33;0;0;114;1511.34;0;0;0;1511.34;"-38.8305643052376";"-3.54689296782643"
"South America";"Brazil";"BRRIO";"Rio de Janeiro";3013;842;0;27;19907;205549;358.45;0;0;205907.45;"-43.2269666528437";"-22.923077315616"
"South America";"Brazil";"BRRIG";"Rio Grande";1206;998;11;287;3787;40415.6;0;0;0;40415.6;"-52.1200075699825";"-32.0494791475728"
"South America";"Brazil";"BRSSA";"Salvador";207;102;0;0;411;5387.39;0;0;0;5387.39;"-38.4819332869392";"-12.9680260460448"
"South America";"Brazil";"BRSSZ";"Santos";7048;9741;2;385;27302;313670.15;1465.33;0;0;315135.48;"-46.3348885150959";"-23.9517780748548"
"South America";"Brazil";"BRSFS";"Sao Francisco do Sul";3;0;0;0;3;39.07;0;0;0;39.07;"-48.5999898697731";"-26.2396012178619"
"South America";"Brazil";"BRSUA";"Suape";697;1074;0;0;2845;33422.3;0;0;0;33422.3;"-34.9590909832525";"-8.3602590504091"
"South America";"Brazil";"BRVIX";"Vitoria";294;174;0;0;642;9261.2;546.35;0;0;9807.55;"-40.3679421980796";"-20.3220474490691"
"South America";"Chile";"CLARI";"Arica";1;8;0;0;17;148.6;0;0;0;148.6;"-70.2899837663443";"-18.5000219535081"
"South America";"Chile";"CLIQQ";"Iquique";1;2;0;0;5;63.51;0;0;0;63.51;"-70.1299676937525";"-20.2499926566401"
"South America";"Chile";"CLSAI";"San Antonio";147;209;0;0;565;7643.98;0;0;0;7643.98;"-71.6099807145918";"-33.5995137341674"
"South America";"Chile";"CLSVE";"San Vicente";3;2;0;0;7;101.91;0;0;0;101.91;"-73.1290227831561";"-36.7289219061324"
"South America";"Chile";"CLVAP";"Valparaiso";211;225;0;0;661;8160.26;0;0;0;8160.26;"-71.6229594914989";"-33.0458186079742"
"South America";"Colombia";"COBUN";"Buenaventura";14;38;0;0;90;1146.26;0;0;0;1146.26;"-77.0504532862058";"3.87240242453805"
"South America";"Colombia";"COPNM";"Puerto Limon";11;1;0;0;13;184.99;0;0;0;184.99;"-83.0333402930879";"10.0000213815668"
"South America";"Colombia";"COBAQ";"Barranquilla";17;54;0;0;125;1252.04;0;0;0;1252.04;"-74.8019127385819";"10.9619344846499"
"South America";"Colombia";"COCTG";"Cartagena";3589;4088;8;142;12057;137440.08;961.44;0;0;138401.52;"-75.5163394150172";"10.4016844439575"
"South America";"Colombia";"COSMR";"Santa Marta";0;5;0;0;10;67.41;0;0;0;67.41;"-74.2016571468938";"11.2472062367151"
"South America";"Ecuador";"ECESM";"Esmeraldas";3;11;0;0;25;271.16;0;0;0;271.16;"-79.6699796973714";"0.930419941100979"
"South America";"Ecuador";"ECGYE";"Guayaquil";143;213;0;0;569;6069.21;0;0;0;6069.21;"-79.9219878118445";"-2.21808789496015"
"South America";"Guyana";"GYGEO";"Georgetown";8;5;0;0;18;225.65;0;0;0;225.65;"-58.1670286474806";"6.80197369275203"
"South America";"Paraguay";"PYASU";"Asuncion";16;22;0;0;60;710.45;0;0;0;710.45;"-57.6434510279013";"-25.2944571170577"
"South America";"Peru";"PECLL";"Callao";154;322;0;0;798;8153.03;0;0;0;8153.03;"-77.1349664730773";"-12.0700268362948"
"South America";"Peru";"PEPAI";"Paita";1;4;0;0;9;68.44;0;0;0;68.44;"-81.1200203874813";"-5.08998777376701"
"South America";"Suriname";"SRPBM";"Paramaribo";9;3;0;0;15;220.95;0;0;0;220.95;"-55.1670308854244";"5.83503012992259"
"South America";"Uruguay";"UYMVD";"Montevideo";855;1038;8;133;3205;32795.37;179.39;0;0;32974.76;"-56.172998147036";"-34.8560957075907"
"South America";"Venezuela";"VEEGU";"El Guamache";58;41;0;0;140;1892.59;0;0;0;1892.59;"-63.9045383673472";"10.7421577710067"
"South America";"Venezuela";"VEGUT";"Guanta";23;55;0;0;133;1399.07;125.3;8134;0;9658.37;"-64.5971126025722";"10.2392778022501"
"South America";"Venezuela";"VEGUB";"Guarano Bay";0;17;0;0;34;327.5;1706.79;0;0;2034.29;"-70.1709008503897";"11.5875756162952"
"South America";"Venezuela";"VELAG";"La Guaira";995;1529;2;0;4055;44359.01;0;0;0;44359.01;"-66.9397540770238";"10.59992319069"
"South America";"Venezuela";"VEMAR";"Maracaibo";37;26;0;0;89;1188.45;0;0;0;1188.45;"-71.661923521447";"10.7319226845186"
"South America";"Venezuela";"VEPBL";"Puerto Cabello";99;115;120;0;449;4337.95;0;0;0;4337.95;"-68.1700098080024";"10.4704319447199"
"Far East";"Brunei";"BNMUA";"Muara";11;28;0;0;67;471.27;0;0;0;471.27;"115.071572478663";"5.02432413331519"
"Far East";"Cambodia";"KHKOS";"Kompongsom";3;19;0;0;41;357.36;0;0;0;357.36;"103.507767057118";"10.6460249568474"
"Far East";"Cambodia";"KHPNH";"Phnom Penh";2;2;0;0;6;37.62;0;0;0;37.62;"104.914688621186";"11.5519759885584"
"Far East";"Cambodia";"KHSIH";"Sihanoukville";0;3;0;0;6;57.02;0;0;0;57.02;"103.50604223146";"10.6221037566878"
"Far East";"China";"CNAQG";"Anqing";2;2;0;0;6;73;0;0;0;73;"117.0429659";"30.5119718"
"Far East";"China";"CNBHY";"Beihai";0;2;0;0;4;59;0;0;0;59;"109.1068061";"21.4799081"
"Far East";"China";"CNCSX";"Changsha";0;17;0;0;34;363.93;0;0;0;363.93;"112.9835823";"28.1873765"
"Far East";"China";"CNCGU";"Changshu";2;616;0;0;1234;16839.26;0;0;0;16839.26;"120.7408552";"31.6434085"
"Far East";"China";"CNYAN";"Chefoo";0;7;0;0;14;137.85;0;0;0;137.85;"121.389463";"37.5340488"
"Far East";"China";"CNCTU";"Chengdu";2;1;0;0;4;40;0;0;0;40;"104.0613634";"30.6765038"
"Far East";"China";"CNCLJ";"Chenglinji";0;98;0;0;196;2508.39;0;0;0;2508.39;"113.1230108";"29.3589447"
"Far East";"China";"CNCWN";"Chiwan";24;355;0;0;734;10529.93;0;0;0;10529.93;"113.88285";"22.48350"
"Far East";"China";"CNCKG";"Chongqing";66;456;0;0;978;14552.87;0;0;0;14552.87;"106.5492822";"29.5585712"
"Far East";"China";"CNDLC";"Dalian";100;295;1;2;695;6320.81;1277.86;0;0;7598.67;"121.6105997";"38.9105358"
"Far East";"China";"CNDGG";"Dongguan";1;1;0;0;3;24.82;0;0;0;24.82;"113.7524781";"23.0449275"
"Far East";"China";"CNFOC";"Fuzhou";4;15;0;0;34;387.85;0;0;0;387.85;"119.2957071";"26.0792078"
"Far East";"China";"CNCAN";"Guangzhou";10;16;0;0;42;512.56;0;0;0;512.56;"113.2529963";"23.1229013"
"Far East";"China";"CNHAK";"Haikou";0;9;0;0;18;148.25;0;0;0;148.25;"110.3409936";"20.0423626"
"Far East";"China";"CNHGH";"Hangzhou";0;1;0;0;2;14.12;0;0;0;14.12;"120.149335";"30.2665643"
"Far East";"China";"HKHKG";"Hong Kong";7464;11896;217;837;33147;381590.34;2962.1;0;0;384552.44;"114.1849161";"22.350627"
"Far East";"China";"CNHUA";"Huangpu";135;269;0;0;673;9201.22;0;0;0;9201.22;"116.461746";"30.55951"
"Far East";"China";"CNJMN";"Jiangmen";29;44;0;0;117;1087.9;0;0;0;1087.9;"113.079047";"22.5766294"
"Far East";"China";"CNJGZ";"Jingzhou";0;0;0;0;0;0;67.2;0;0;67.2;"112.1869371";"30.3538693"
"Far East";"China";"CNJIU";"Jiujiang";1;0;0;0;1;20.23;0;0;0;20.23;"115.9967851";"29.7076799"
"Far East";"China";"CNJZU";"Jiuzhou";0;3;0;0;6;46.3;0;0;0;46.3;"99.2291893";"25.7522345"
"Far East";"China";"CNLYG";"Lianyungang";6;53;0;0;112;961.53;0;0;0;961.53;"119.1695305";"34.6092633"
"Far East";"China";"CNKHN";"Nanchang";3;161;0;0;325;2206.25;0;0;0;2206.25;"115.8979149";"28.6965374"
"Far East";"China";"CNNAH";"Nanhai";32;6;0;0;44;932.73;0;0;0;932.73;"111.778369";"30.128189"
"Far East";"China";"CNNKG";"Nanjing";18;69;0;0;156;1300.85;0;0;0;1300.85;"118.7912987";"32.0607476"
"Far East";"China";"CNNSA";"Nansha";159;2358;4;37;4953;69247.64;0;0;0;69247.64;"102.8382958";"23.2198512"
"Far East";"China";"CNNTG";"Nantong";0;3;0;0;6;60.14;0;0;0;60.14;"120.8901671";"31.983449"
"Far East";"China";"CNNBO";"Ningbo";1234;1731;4491;2557;14301;86439.09;2316.18;0;0;88755.27;"121.549887";"29.8720259"
"Far East";"China";"CNTAO";"Qingdao";682;1888;1963;878;8177;60260.79;0;0;0;60260.79;"120.3497193";"36.0895093"
"Far East";"China";"CNQHA";"Qinhuangdao";0;0;0;0;0;0;121.04;0;0;121.04;"119.588333";"39.931667"
"Far East";"China";"CNQZJ";"Quanzhou";0;18;0;0;36;376;0;0;0;376;"118.5851458";"24.9038801"
"Far East";"China";"CNROQ";"Rongqi";35;5;0;0;45;794.61;0;0;0;794.61;"113.3071042";"22.753987"
"Far East";"China";"CNSJQ";"Sanshui";43;80;0;0;203;3571.28;0;0;0;3571.28;"112.8914736";"23.1587975"
"Far East";"China";"CNSHG";"Sha Gang";134;56;0;0;246;5147.55;0;0;0;5147.55;"112.424292";"22.337991"
"Far East";"China";"CNSHA";"Shanghai";6717;16995;4299;5587;5618;506819.28;1796;0;0;508615.28;"121.4888922";"31.2253441"
"Far East";"China";"CNSHU";"Shekou";92;2735;55;43;5703;75536.18;0;0;0;75536.18;"114.3485226";"30.7153173"
"Far East";"China";"CNSUD";"Shunde";0;12;0;0;24;204.61;0;0;0;204.61;"113.2715118";"22.8775993"
"Far East";"China";"CNTAG";"Taicang";1;96;0;0;193;2358.48;0;0;0;2358.48;"121.1057705";"31.4545892"
"Far East";"China";"CNTAP";"Taiping";30;91;0;0;212;3041.3;0;0;0;3041.3;"121.6483056";"42.0171764"
"Far East";"China";"CNTZO";"Taizhou";1;5;0;0;11;78.8;0;0;0;78.8;"121.4444622";"28.6836428"
"Far East";"China";"CNTXG";"Tianjinxingang";550;187;0;10;431;52126.37;0;0;0;52126.37;"117.1980785";"39.1235635"
"Far East";"China";"CNWEI";"Weihai Shandong";1;1;0;0;3;48.59;0;0;0;48.59;"122.1152445";"37.5122216"
"Far East";"China";"CNWUH";"Wuhan";12;19;0;3;56;458.36;0;0;0;458.36;"114.2992796";"30.5960213"
"Far East";"China";"CNWHI";"Wuhu";1;71;0;130;403;1838.29;0;0;0;1838.29;"118.3536912";"31.3425803"
"Far East";"China";"CNWUX";"Wuxi";6;16;0;0;38;432.3;0;0;0;432.3;"120.3128912";"31.5874175"
"Far East";"China";"CNWUZ";"Wuzhou";0;6;0;0;12;112.7;0;0;0;112.7;"111.2971834";"23.4782947"
"Far East";"China";"CNXMN";"Xiamen (Xian)";1914;1331;111;60;4807;81488.22;0;0;0;81488.22;"118.1355644";"24.497442"
"Far East";"China";"CNXIL";"Xiaolan";7;1;0;0;9;194.93;0;0;0;194.93;"113.2294552";"22.6731279"
"Far East";"China";"CNXGG";"Xingang";3;12;0;0;27;230.16;1312;0;0;1542.16;"117.7433";"38.9788"
"Far East";"China";"CNYZH";"Yangzhou";1;306;0;0;613;8614.69;0;0;0;8614.69;"119.4365759";"32.3926973"
"Far East";"China";"CNYNT";"Yantai";13;25;0;0;63;998.5;0;0;0;998.5;"121.389463";"37.5340488"
"Far East";"China";"CNYTI";"Yantian Huangdong";99;358;7;347;1516;12051.22;0;0;0;12051.22;"114.2734";"22.5863"
"Far East";"China";"CNZJG";"Zhangjiagang";13;405;0;0;823;11018.01;0;0;0;11018.01;"120.5426833";"31.8664895"
"Far East";"China";"CNZHA";"Zhanjiang";2;1;0;0;4;55.72;0;0;0;55.72;"110.4045975";"21.2021916"
"Far East";"China";"CNZHE";"Zhenjiang";6;76;1;0;159;1474.73;0;0;0;1474.73;"119.458012";"32.2139599"
"Far East";"Indonesia";"IDBPN";"Balikpapan, Kalimantan";1;3;0;0;7;31;0;0;0;31;"116.8619171";"-1.2370611"
"Far East";"Indonesia";"IDBLW";"Belawan, Sumatra";6;13;1;0;33;349.83;0;0;0;349.83;"98.6918036";"3.7827617"
"Far East";"Indonesia";"IDJKT";"Jakarta, Java";839;539;0;6;1929;31193.1;2255;0;0;33448.1;"106.8271436";"-6.1753167"
"Far East";"Indonesia";"IDPDG";"Padang, Sumatra";2;6;0;0;14;99.48;0;0;0;99.48;"100.3587";"-0.9430"
"Far East";"Indonesia";"IDPNJ";"Panjang";1;0;0;0;1;10.9;0;0;0;10.9;"105.31546";"-5.46146"
"Far East";"Indonesia";"IDSRG";"Semarang, Java";21;28;0;0;77;813.55;0;0;0;813.55;"110.4099145";" -6.9834031"
"Far East";"Indonesia";"IDSUB";"Surabaya, Java";168;141;0;0;450;6663.31;0;0;0;6663.31;"112.7559";"-7.2387"
"Far East";"Japan";"JPAXT";"Akita, Akita";5;1;0;0;7;136.65;0;0;0;136.65;"140.2647955";"39.6569595"
"Far East";"Japan";"JPHHE";"Hachinohe, Aomori";13;8;0;0;29;491.51;0;0;0;491.51;"141.4886035";"40.512895"
"Far East";"Japan";"JPHKT";"Hakata, Fukuoka";52;39;0;0;130;1540.84;0;0;0;1540.84;"130.4206777";"33.590118"
"Far East";"Japan";"JPHIJ";"Hiroshima, Hiroshima";15;3;0;0;21;350.57;0;0;0;350.57;"132.4518156";"34.3916058"
"Far East";"Japan";"JPIMB";"Imabari, Ehime";2;3;0;0;8;36.35;0;0;0;36.35;"132.993352";"34.064636"
"Far East";"Japan";"JPISS";"Ishikariwan-Shinko, Hokkaido";1;3;0;0;7;87.49;0;0;0;87.49;"141.3155531";"43.1713962"
"Far East";"Japan";"JPKNZ";"Kanazawa, Ishikawa";4;0;0;0;4;81.94;0;0;0;81.94;"136.6568791";"36.5616276"
"Far East";"Japan";"JPUKB";"Kobe, Hyogo";644;544;0;0;1732;22393.61;126;0;0;22519.61;"135.1342504";"34.7253376"
"Far East";"Japan";"JPKMJ";"Kumamoto, Kumamoto";2;0;0;0;2;17.8;0;0;0;17.8;"130.733333";"32.783333"
"Far East";"Japan";"JPMOJ";"Moji, Fukuoka";8;1;0;0;10;210.88;0;0;0;210.88;"130.9408";"33.9066"
"Far East";"Japan";"JPNGS";"Nagasaki, Nagasaki";2;15;0;0;32;240.62;0;0;0;240.62;"129.8666669";"32.783333"
"Far East";"Japan";"JPNGO";"Nagoya, Aichi";538;285;0;0;1108;15530.41;0;0;0;15530.41;"136.9";"35.183333"
"Far East";"Japan";"JPNAH";"Naha, Okinawa";7;2;0;0;11;144.31;0;0;0;144.31;"127.6791918";"26.2124709"
"Far East";"Japan";"JPKIJ";"Niigata, Niigata";7;2;0;0;11;154.61;0;0;0;154.61;"139.025524";"37.8475965"
"Far East";"Japan";"JPOIT";"Oita, Oita";1;24;0;0;49;561.02;0;0;0;561.02;"131.60761";"33.24048"
"Far East";"Japan";"JPOSA";"Osaka, Osaka";255;194;0;0;643;7701.04;0;0;0;7701.04;"135.502135";"34.693837"
"Far East";"Japan";"JPSKT";"Sakata, Yamagata";1;2;0;0;5;30.45;0;0;0;30.45;"139.836328";"38.9144432"
"Far East";"Japan";"JPSMZ";"Shimizu, Shizuoka";42;143;0;0;328;3595.63;0;0;0;3595.63;"138.5010";"35.0195"
"Far East";"Japan";"JPTKS";"Tokushima, Tokushima";2;1;0;0;4;74.16;0;0;0;74.16;"134.5550322";"34.0698313"
"Far East";"Japan";"JPTKY";"Tokuyama, Yamaguchi";14;1;0;0;16;337.3;0;0;0;337.3;"131.802131";"34.05101"
"Far East";"Japan";"JPTYO";"Tokyo,Tokyo";1216;1838;42;13;496;53471.04;0;0;0;53471.04;"139.7685224";"35.6800712"
"Far East";"Japan";"JPTMK";"Tomakomai, Hokkaido";75;93;0;0;261;3130.34;0;0;0;3130.34;"141.6054999";"42.6341"
"Far East";"Japan";"JPYOK";"Yokohama, Kanagawa";323;398;0;0;1119;14105.31;0;0;0;14105.31;"139.6421049";"35.4449524"
"Far East";"Malaysia";"MYBTU";"Bintulu, Sarawak";4;3;0;0;10;110.39;0;0;0;110.39;"113.035983845066";"3.16640748993797"
"Far East";"Malaysia";"MYBKI";"Kota Kinabalu, Sabah";4;14;0;0;32;421.03;0;0;0;421.03;"116.110008096381";"5.9799825225013"
"Far East";"Malaysia";"MYKUA";"Kuantan";23;6;0;0;35;546.3;0;0;0;546.3;"103.32003942771";"3.82995871878177"
"Far East";"Malaysia";"MYKCH";"Kuching, Sarawak";1;4;0;0;9;81.86;0;0;0;81.86;"110.329999144535";"1.5299699085511"
"Far East";"Malaysia";"MYLBU";"Labuan, Sabah";4;2;0;0;8;92.6;0;0;0;92.6;"115.242249263267";"5.26985481038909"
"Far East";"Malaysia";"MYPGU";"Pasir Gudang";12;18;0;0;48;540.84;0;0;0;540.84;"103.878668407827";"1.45369133580192"
"Far East";"Malaysia";"MYPEN";"Penang";182;19;0;0;220;4548.73;0;0;0;4548.73;"100.287781720403";"5.38050398908165"
"Far East";"Malaysia";"MYPKG";"Port Kelang";4393;5716;902;69;16865;202312.23;0;0;0;202312.23;"101.301754958323";"2.9422080003955"
"Far East";"Malaysia";"MYSDK";"Sandakan, Sabah";0;12;0;0;24;204.79;0;0;0;204.79;"118.107973998081";"5.84296246227939"
"Far East";"Malaysia";"MYSBW";"Sibu, Sarawak";3;0;0;0;3;63.09;0;0;0;63.09;"111.843033405608";"2.30297182098917"
"Far East";"Malaysia";"MYTPP";"Tanjong Pelepas";57;63;0;0;183;2642.77;0;0;0;2642.77;"103.545713679279";"1.3570015300596"
"Far East";"Malaysia";"MYTWU";"Tawau, Sabah";0;12;0;0;24;206.21;0;0;0;206.21;"117.89599727282";"4.2709653919606"
"Far East";"Myanmar";"MMRGN";"Yangon";12;13;0;0;38;348.39;0;0;0;348.39;"96.1647317526619";"16.7852999631888"
"Far East";"Philippines";"PHCGY";"Cagayan de Oro, Mindanao";3;13;0;0;29;239.52;0;0;0;239.52;"124.685298623759";"8.45083945610492"
"Far East";"Philippines";"PHCEB";"Cebu";23;3;0;0;29;625.32;0;0;0;625.32;"123.898129376471";"10.3219218707148"
"Far East";"Philippines";"PHDVO";"Davao, Mindanao";4;1;0;0;6;104.13;0;0;0;104.13;"125.628049623873";"7.11196276425676"
"Far East";"Philippines";"PHMNL";"Manila";71;93;0;0;257;3045.18;0;0;0;3045.18;"120.980271303542";"14.6061048134405"
"Far East";"Singapore";"SGSIN";"Singapore";20457;21545;260;338;64483;849346.62;1824.12;0;0;851170.74;"103.853874819099";"1.29497932510594"
"Far East";"South Korea";"KRKWY";"Gwangyang (Kwangyang)";0;7;0;0;14;86.56;0;0;0;86.56;"127.603159406381";"34.8981154500522"
"Far East";"South Korea";"KRINC";"Incheon (Inchon)";3;4;0;0;11;136.97;0;0;0;136.97;"126.640287579607";"37.4780937458236"
"Far East";"South Korea";"KRPUS";"Pusan";6369;9139;711;569;26496;284012.55;0;0;0;284012.55;"129.00810170722";"35.0969987751109"
"Far East";"South Korea";"KRSEL";"Seoul";1;9;0;0;19;186.59;0;0;0;186.59;"126.997785138202";"37.5682949583889"
"Far East";"Taiwan";"TWKHH";"Kaohsiung";2471;2752;73;18;8084;101187.45;0;0;0;101187.45;"120.266601928";"22.6333071075"
"Far East";"Taiwan";"TWKEL";"Keelung";360;345;0;0;105;13439.69;0;0;0;13439.69;"121.733282429";"25.1332578725"
"Far East";"Taiwan";"TWTXG";"Taichung";54;24;0;0;102;1543.94;0;0;0;1543.94;"120.681667032";"24.1520774526"
"Far East";"Taiwan";"TWTYN";"Taoyuan City";2;32;0;0;66;788.9;0;0;0;788.9;"121.311111111111";"24.9888888888889"
"Far East";"Thailand";"THBKK";"Bangkok";567;325;1;0;1218;17725.08;0;0;0;17725.08;"100.514698793695";"13.751945064088"
"Far East";"Thailand";"THKTY";"Khlong Toei";0;7;0;0;14;161.7;0;0;0;161.7;"100.6313";"13.7524"
"Far East";"Thailand";"THLMC";"Laem Chabang";0;0;0;0;0;0;1056;0;0;1056;"100.9152266";"13.0970555"
"Far East";"Thailand";"THLKR";"Lat Krabang";29;9;0;0;47;731.81;0;0;0;731.81;"100.7485509";"13.7275338"
"Far East";"Thailand";"THSGZ";"Songkhla";64;2;1;0;69;1470.6;0;0;0;1470.6;"100.5981483";"7.1979038"
"Far East";"Vietnam";"VNCLI";"Cat Lai";2;4;0;0;10;132.09;0;0;0;132.09;"106.789071739588";"10.7587559798713"
"Far East";"Vietnam";"VNDAD";"Da Nang";6;53;0;0;112;952.56;0;0;0;952.56;"108.249971068354";"16.0600390817865"
"Far East";"Vietnam";"VNHPH";"Haiphong";93;154;0;0;401;4401.3;13;0;0;4414.3;"106.678146873147";"20.8319521848845"
"Far East";"Vietnam";"VNSGN";"Ho Chi Minh City";531;215;0;0;961;17027.3;212;0;0;17239.3;"106.693081362079";"10.7819713091934"
"Far East";"Vietnam";"VNVUT";"Vung Tau";18;4;0;0;26;495.88;0;0;0;495.88;"107.084977578766";"10.3553743682219"
"India and Pakistan";"Bangladesh";"BDCGP";"Chittagong";215;169;0;0;553;7700.02;0;0;0;7700.02;"91.8412863";"22.3307998"
"India and Pakistan";"Bangladesh";"BDDAC";"Dhaka";3;9;0;0;21;239.21;0;0;0;239.21;"90.4098792";"23.7282161"
"India and Pakistan";"Bangladesh";"BDMGL";"Mongla";2;0;0;0;2;32.34;0;0;0;32.34;"89.5954957";"22.4986925"
"India and Pakistan";"India";"INAMD";"Ahmedabad";5;11;0;0;27;433.73;0;0;0;433.73;"72.5797068";"23.0216238"
"India and Pakistan";"India";"INPAV";"Albert Victor";0;1;0;0;2;30.6;0;0;0;30.6;"71.5519";"21.0125"
"India and Pakistan";"India";"INBLR";"Bangalore";49;50;0;0;149;1900.9;0;0;0;1900.9;"77.5903608";"12.9793998"
"India and Pakistan";"India";"INCOK";"Cochin";33;48;0;0;129;1436.96;0;0;0;1436.96;"76.2538";"9.9622"
"India and Pakistan";"India";"INDEL";"Delhi";1;9;0;0;19;290.8;0;0;0;290.8;"77.2494606";"28.63135"
"India and Pakistan";"India";"INGOA";"Goa";0;0;5;0;5;10;0;0;0;10;"73.8282633";"15.4993295"
"India and Pakistan";"India";"INHAL";"Haldia";92;140;0;0;372;5668.53;0;0;0;5668.53;"88.0608274";"22.0355395"
"India and Pakistan";"India";"INHYD";"Hyderabad";36;6;0;0;48;784.31;0;0;0;784.31;"78.4565";"17.3827"
"India and Pakistan";"India";"INJAI";"Jaipur";6;0;0;0;6;133.06;0;0;0;133.06;"75.8204056";"26.9161293"
"India and Pakistan";"India";"INNSA";"Jawaharlal Neru (Nhava Sheva)";4198;5532;14;0;15276;185291.96;0;0;0;185291.96;"72.9530";"18.9537"
"India and Pakistan";"India";"INIXY";"Kandla";0;1;0;0;2;13.8;0;0;1500;1513.8;"70.2096164";"23.0177525"
"India and Pakistan";"India";"INKNU";"Kanpur";8;1;0;0;10;206.16;0;0;0;206.16;"80.3221409";"26.4610238"
"India and Pakistan";"India";"INCCU";"Kolkata (Calcutta)";194;113;0;3;426;5884.06;192;0;0;6076.06;"88.3462999";"22.568746"
"India and Pakistan";"India";"INLUH";"Ludhiana";3;21;0;0;45;534.94;0;0;0;534.94;"75.8515476";"30.9090355"
"India and Pakistan";"India";"INMAA";"Madras (Cennai)";745;656;1;40;2138;27727.15;1223;0;0;28950.15;"80.281807";"13.0804251"
"India and Pakistan";"India";"INMRM";"Mormugao";5;1;0;0;7;88.34;0;0;0;88.34;"73.7929825";"15.4081535"
"India and Pakistan";"India";"INBOM";"Mumbay";4;4;0;10;32;183.28;3301;0;0;3484.28;"72.8327112";"18.9523804"
"India and Pakistan";"India";"IN007";"Mundra";2;0;0;0;2;54.86;0;0;0;54.86;"69.7238104";"22.8396036"
"India and Pakistan";"India";"INNAG";"Nagpur";1;2;0;0;5;83.8;0;0;0;83.8;"79.0798136";"21.1444307"
"India and Pakistan";"India";"INTUT";"Tuticorin";109;27;0;0;163;2595.97;0;0;0;2595.97;"78.1451873";"8.8053701"
"India and Pakistan";"India";"INVTZ";"Vishakhapatnam";27;118;0;0;263;2915.64;0;0;0;2915.64;"83.3012842";"17.7231276"
"India and Pakistan";"Pakistan";"PKKHI";"Karachi";354;276;0;0;906;11369.24;0;0;0;11369.24;"67.031789";"24.8741557"
"India and Pakistan";"Pakistan";"PKBQM";"Muhammad Bin Qasim";758;835;0;3;2434;34359.58;0;0;0;34359.58;"67.3352";"24.7855"
"India and Pakistan";"Sri Lanka";"LKCMB";"Colombo";566;580;0;154;2034;21478.22;0;0;0;21478.22;"79.8532704";"6.934287"
"Middle East";"Bahrain";"BHBAH";"Bahrain";195;234;0;0;663;8387.2;0;0;0;8387.2;"50.6831";"26.2033"
"Middle East";"Iran";"IRBND";"Bandar Abbas";1444;2655;0;4;6762;72524.23;2812.1;0;0;75336.33;"56.2766447";"27.1781213"
"Middle East";"Iran";"IRBKM";"Bandar Khomeini";1;0;0;0;1;21.05;0;0;0;21.05;"49.0794798";"30.4327909"
"Middle East";"Iran";"IRBUZ";"Bushehr";22;24;1;0;71;765.57;0;0;0;765.57;"50.840501";"28.9682053"
"Middle East";"Iran";"IRKHO";"Khorramshahr";5;5;0;0;15;160.95;0;0;0;160.95;"48.1780063";"30.4332024"
"Middle East";"Iraq";"IQUQR";"Umm Qasr";139;156;0;0;451;4790.57;115;0;0;4905.57;"47.9338959";"30.0470025"
"Middle East";"Israel";"ILASH";"Ashdod";3118;3604;8;3;1034;123595.33;0;0;37962;161557.33;"34.6463";"31.7981"
"Middle East";"Israel";"ILHFA";"Haifa";1709;2359;174;128;6857;84747.91;0;0;3150;87897.91;"34.9983856";"32.8191218"
"Middle East";"Jordan";"JOAQB";"Aqaba";2237;1509;0;0;5255;69134.42;3317.16;0;0;72451.58;"35.0028";"29.5292"
"Middle East";"Jordan";"JOAQJ";"Aqaba (El Aqaba)";68;140;0;0;348;3913.57;0;0;0;3913.57;"35.0028";"29.5292"
"Middle East";"Kuwait";"KWKWI";"Kuwait";28;56;0;0;140;1490.35;0;0;0;1490.35;"47.9735629";"29.3797091"
"Middle East";"Kuwait";"KWSAA";"Shuaiba";63;81;0;0;225;2777.6;0;0;0;2777.6;"48.1604";"29.0574"
"Middle East";"Kuwait";"KWSWK";"Shuwaikh";451;1329;0;0;3109;36113.93;0;0;0;36113.93;"47.9345";"29.3486"
"Middle East";"Lebanon";"LBBEY";"Beirut";1937;1362;2;0;4663;57701.57;3768.54;0;32996;94466.11;"35.47843";"33.8959203"
"Middle East";"Oman";"OMMCT";"Muscat";120;200;0;0;520;4712.14;256;0;0;4968.14;"58.5938278";"23.6123504"
"Middle East";"Oman";"OMOPQ";"Port Qaboos";48;206;0;0;460;5822.09;0;0;0;5822.09;"58.5692";"23.6296"
"Middle East";"Oman";"OMSLL";"Salalah";537;370;2;0;1279;17357.75;0;0;0;17357.75;"54.0957066";"17.0148202"
"Middle East";"Oman";"OMSOH";"Sohar";45;105;0;0;255;2803.56;0;0;0;2803.56;"56.7424766";"24.3445577"
"Middle East";"Qatar";"QADOH";"Doha";517;976;0;0;2469;27338.5;417;0;0;27755.5;"51.5268371";"25.2852523"
"Middle East";"Qatar";"QAFLF";"Ras Laffan";0;0;0;0;0;0;267;0;0;267;"51.5331527";"25.8976567"
"Middle East";"Saudi Arabia";"SAJUB";"Al Jubail";29;84;0;0;197;2240.07;283.4;0;0;2523.47;"49.6904";"27.0294"
"Middle East";"Saudi Arabia";"SADMN";"Damman";145;334;0;0;813;7657.95;1349;0;0;9006.95;"50.1571";"26.4740"
"Middle East";"Saudi Arabia";"SAJED";"Jeddah";6791;11067;6;178;29287;355405.38;32904.32;0;0;388309.7;"39.1640396";"21.5822247"
"Middle East";"Saudi Arabia";"SARUH";"Riyadh";20;40;0;0;100;1031.26;0;0;0;1031.26;"46.7149069";"24.6320297"
"Middle East";"Syria";"SYLTK";"Latakia";175;165;0;0;505;7495.66;0;0;0;7495.66;"35.7781044";" 35.5200185"
"Middle East";"Syria";"SYTTS";"Tartous";8;43;0;0;94;1241.86;584.16;2007;0;3833.02;"35.8851686";"34.8936203"
"Middle East";"Turkey";"TRALI";"Aliaga";6;47;0;0;100;1005.94;8921.42;0;29258;39185.36;"26.9741667";"38.7994444"
"Middle East";"Turkey";"TRAMB";"Ambarli";601;806;0;0;2213;32546.67;0;0;0;32546.67;"28.7083094";"40.9774555"
"Middle East";"Turkey";"TRAYT";"Antalya";3;1;0;0;5;70.63;0;0;0;70.63;"30.6937117";"36.9008783"
"Middle East";"Turkey";"TRDRC";"Derince, Kocaeli";6;10;0;0;26;303.18;3030.93;0;0;3334.11;"29.8299597";"40.7568878"
"Middle East";"Turkey";"TRDIR";"Diliskelesi";0;0;0;0;0;0;1574.85;0;0;1574.85;"29.5234606";"40.7696062"
"Middle East";"Turkey";"TREVY";"Evyap Port";13;206;0;0;425;3848.97;0;0;0;3848.97;"29.71129";"40.77569"
"Middle East";"Turkey";"TRGBZ";"Gebze";939;1149;1;1;324;39648.55;0;0;1257;40905.55;"29.431767";"40.8006696"
"Middle East";"Turkey";"TRGEM";"Gemlik, Bursa";868;4833;1983;25;12567;113987.62;283.5;6520;0;120791.12;"29.1570698";"40.4301652"
"Middle East";"Turkey";"TRHAY";"Haydarpasa, Istanbul";400;962;0;0;2324;33055.65;0;0;0;33055.65;"29.0193229";"40.9965638"
"Middle East";"Turkey";"TRISK";"Iskenderun, Hatay";0;0;0;0;0;0;9350.84;0;0;9350.84;"36.1748446";"36.57806"
"Middle East";"Turkey";"TRIST";"Istanbul";1839;2899;18;39;7733;90653.88;416.08;0;4614;95683.96;"28.9651646";"41.0096334"
"Middle East";"Turkey";"TRIZM";"Izmir (Smyrna)";532;1;94;46;2718;30556.61;0;3702;0;34258.61;"27.144474";"38.4153421"
"Middle East";"Turkey";"TRIZT";"Izmit, Kocaeli";49;121;0;0;291;3285.05;0;0;0;3285.05;"29.9298289";"40.7646616"
"Middle East";"Turkey";"TRMRM";"Marmaris, Mugla";0;0;0;0;0;0;1021;0;0;1021;"28.2724069";"36.8541655"
"Middle East";"Turkey";"TRMER";"Mersin, Icel";912;650;1;76;2365;33518.94;1409.12;0;0;34928.06;"34.630542";"36.81275"
"Middle East";"Turkey";"TR006";"Nemrut Bay";3;8;0;0;19;203.34;0;0;0;203.34;"26.9304008";"38.7640923"
"Middle East";"Turkey";"TRYPO";"Yilport";7;0;0;0;7;132.86;0;0;0;132.86;"29.53401";"40.77427"
"Middle East";"United Arab Emirates";"AEAUH";"Abu Dhabi";563;1813;0;0;4189;43048.66;6043.86;0;0;49092.52;"54.3705762";"24.4747961"
"Middle East";"United Arab Emirates";"AEAJM";"Ajman";41;116;0;0;273;3801.03;0;0;0;3801.03;"55.4451432";"25.3936557"
"Middle East";"United Arab Emirates";"AEDXB";"Dubai";3;6;0;0;15;136.9;0;0;0;136.9;"55.2961931";"25.2683528"
"Middle East";"United Arab Emirates";"AEFJR";"Fujairah";18;11;0;0;40;470.01;0;0;0;470.01;"56.3436798";"25.1253869"
"Middle East";"United Arab Emirates";"AEJEA";"Jebel Ali";6461;117;18;21;29921;349413.3;7858.3;0;34907;392178.6;"55.0910256";"24.9774785"
"Middle East";"United Arab Emirates";"AEKLF";"Khor al Fakkan";4652;8951;158;15;22742;254759.38;0;0;34200;288959.38;"56.3458033";"25.3570227"
"Middle East";"United Arab Emirates";"AERKT";"Ras al khaimah";1;4;0;0;9;117.8;0;0;0;117.8;"55.9343038";"25.7720592"
"Middle East";"United Arab Emirates";"AESHJ";"Sharjah";55;250;0;0;555;7611.23;0;0;0;7611.23;"55.3895321";"25.3585432"
"Middle East";"Yemen";"YEADE";"Aden";140;37;0;0;214;4642.15;0;0;0;4642.15;"44.9166065";"12.8331607"
"Middle East";"Yemen";"YEHOD";"Hodeidah";114;173;0;0;460;6428.93;0;0;0;6428.93;"42.9741";"14.7600"
"Europe";"Albania";"ALDRZ";"Durazzo";29;4;0;0;37;676.27;0;0;0;676.27;"19.4745";"41.3163"
"Europe";"Belgium";"BEANR";"Antwerpen";0;1;0;0;2;21.07;13;0;2098;2132.07;"4.3997081";"51.2211097"
"Europe";"Belgium";"BEGNE";"Ghent";0;0;0;0;0;0;0;44934;0;44934;"3.7251141";"51.053772"
"Europe";"Belgium";"BEZEE";"Zeebrugge";0;0;0;0;0;0;39;0;0;39;"3.2082431";"51.3316389"
"Europe";"Bulgaria";"BGBOJ";"Burgas";7;4;0;0;15;295.65;0;0;0;295.65;"27.4550161";"42.4942274"
"Europe";"Bulgaria";"BGVAR";"Varna";0;10;0;0;20;185.6;0;0;0;185.6;"27.9017131";"43.2166104"
"Europe";"Croatia";"HRRJK";"Fiume";8;6;0;0;20;234.81;0;0;0;234.81;"14.4413555";"45.3271115"
"Europe";"Croatia";"HRSPU";"Spalato";0;1;0;0;2;12;0;0;0;12;"16.4396801";"43.5115555"
"Europe";"Cyprus";"CYLMS";"Limassol";343;227;0;14;825;9155.99;0;0;25002;34157.99;"33.042341";"34.6735637"
"Europe";"Denmark";"DKAAL";"Aalborg";0;0;0;0;0;0;236.09;0;0;236.09;"9.9193939";"57.0482206"
"Europe";"Finland";"FIHEL";"Helsinki";1;0;0;0;1;24.04;0;0;0;24.04;"24.9435079";"60.1666277"
"Europe";"Finland";"FIKAS";"Kaskinen";0;0;0;0;0;0;0;0;11365;11365;"21.2229123";"62.385127"
"Europe";"Finland";"FIKTK";"Kotka";0;3;0;0;6;72.76;0;0;3150;3222.76;"26.9455849";"60.4672828"
"Europe";"Finland";"FIRAU";"Rauma";2;27;0;0;56;789.84;0;0;0;789.84;"21.5039401";"61.1289148"
"Europe";"France";"FRLEH";"Le Havre";1;3;2;0;9;84.4;0;5242;0;5326.4;"0.107907";"49.4936"
"Europe";"France";"FRSWD";"St. Wandrille-Rancom";0;0;0;0;0;0;0;12349;0;12349;"0.7670404";"49.5274704"
"Europe";"France";"FRBIA";"Bastia";0;0;0;0;0;0;11725.42;0;0;11725.42;"9.452542";"42.7065505"
"Europe";"France";"FRFOS";"Fos-sur-Mer";411;414;844;780;3643;18182.55;438;29596;0;48216.55;"4.945595";"43.4380714"
"Europe";"France";"FRLAV";"Lavera";0;0;0;0;0;0;0;0;1400;1400;"5.0255983";"43.3929469"
"Europe";"France";"FRLIO";"Lyon";1;3;0;0;7;60.28;0;6127;0;6187.28;"4.8323239";"45.7575958"
"Europe";"France";"FRMRS";"Marseille";1493;2584;364;324;7673;87609.59;515.85;0;0;88125.44;"5.3699525";"43.2961743"
"Europe";"France";"FRPSL";"Port-Saint-Louis-Du-Rhone";0;0;0;0;0;0;0;11327;0;11327;"4.8026354";"43.3890531"
"Europe";"Germany";"DEBRB";"Brunsbuettel";0;0;0;0;0;0;299.77;0;0;299.77;"9.1415908";"53.897012"
"Europe";"Germany";"DEHAM";"Hamburg";1011;1028;63;57;3244;49205.1;0;0;1500;50705.1;"10.000654";"53.5503414"
"Europe";"Gibilterra";"GIGIB";"Gibraltar";0;0;0;0;0;0;0;0;66127;66127;"-5.3484848";"36.1451465"
"Europe";"Gr. Britain";"GBBEL";"Belfast";1;0;0;0;1;26.15;0;0;0;26.15;"-5.9301554";"54.5969467"
"Europe";"Gr. Britain";"GBBRS";"Bristol";0;0;0;0;0;0;22;0;0;22;"-2.5952658";"51.4556994"
"Europe";"Gr. Britain";"GBFXT";"Felixstowe";0;2;0;0;4;27.31;0;0;0;27.31;"1.3515106";"51.9639098"
"Europe";"Gr. Britain";"GBGOO";"Goole";0;0;0;0;0;0;1368.98;0;0;1368.98;"-0.8795836";"53.7063876"
"Europe";"Gr. Britain";"GBHRW";"Harwich";0;0;0;0;0;0;0;0;2100;2100;"1.2898522";"51.9445801"
"Europe";"Gr. Britain";"GBTHP";"Thamesport";0;2;0;0;4;17.45;0;0;0;17.45;"0.6838";"51.4359"
"Europe";"Gr. Britain";"GBTIL";"Tilbury";589;371;2;6;1345;22490.19;0;2515;0;25005.19;"0.3643896";"51.4631174"
"Europe";"Greece";"GRAXD";"Alexandroupolis";0;1;0;0;2;27.92;0;0;0;27.92;"25.8760587";"40.8491997"
"Europe";"Greece";"GR020";"Eleftheres";0;0;0;0;0;0;0;7251;0;7251;"24.3034666";"40.8383629"
"Europe";"Greece";"GREEU";"Eleusis";0;0;0;0;0;0;0;2402;0;2402;"23.5348663";"38.047608"
"Europe";"Greece";"GRHER";"Heraklion";3;2;0;0;7;84.68;0;0;0;84.68;"25.1328543";"35.3340134"
"Europe";"Greece";"GRPIR";"Piraeus";585;565;60;12;1799;24700.41;0;0;30716;55416.41;"23.6486215";"37.9441517"
"Europe";"Greece";"GRSKG";"Thessaloniki";29;17;0;0;63;1067.02;0;0;0;1067.02;"22.9352716";"40.6403167"
"Europe";"Greece";"GRVOL";"Volos";1;0;0;0;1;23.5;0;0;0;23.5;"22.9400319";"39.3627405"
"Europe";"Ireland";"IEORK";"Cork";1;0;0;0;1;11.64;0;0;0;11.64;"-8.4705806";"51.8979282"
"Europe";"Latvija";"LVRIX";"Riga";1;2;0;0;5;69.83;0;0;0;69.83;"24.1051846";"56.9493977"
"Europe";"Malta";"MTMLA";"Malta";253;1961;398;6;6862;96985.56;1764.49;0;291821;390571.05;"14.5133638";"35.8987593"
"Europe";"Netherlands";"NLAMS";"Amsterdam";0;0;0;0;0;0;0;0;30977;30977;"4.9001115";"52.3710088"
"Europe";"Netherlands";"NLRTM";"Rotterdam";68;134;12;25;398;4800.79;79;39672;2100;46651.79;"4.4631678";"51.9228924"
"Europe";"Portugal";"PTAVE";"Aveiro";0;0;0;0;0;0;0;10288;1505;11793;"-8.6537146";"40.6411635"
"Europe";"Portugal";"PTLEI";"Leixoes";4;1;0;0;6;65.15;0;0;0;65.15;"-8.68459";"41.19025"
"Europe";"Portugal";"PTLIS";"Lisboa";35;33;4;24;153;1218.88;0;0;0;1218.88;"-9.1393644";"38.7138026"
"Europe";"Portugal";"PTSET";"Setubal";11;44;0;0;99;1336.72;508.19;18654;0;20498.91;"-8.8933165";"38.5245129"
"Europe";"Portugal";"PTSIN";"Sines";0;1;0;0;2;18.98;0;0;0;18.98;"-8.8772642";"37.9540033"
"Europe";"Romania";"ROCND";"Constantza";12;3;0;0;18;332.63;0;0;0;332.63;"28.6320178";"44.1719066"
"Europe";"Slovenia";"SIKOP";"Capo d'Istria";8;12;0;0;32;444.5;0;0;0;444.5;"13.7304909";"45.5479552"
"Europe";"Spain";"ESCEU";"Ceuta";1;0;0;0;1;8.2;450.66;0;0;458.86;"-5.3041384";"35.8883614"
"Europe";"Spain";"ESMLN";"Melilla";1;3;0;0;7;83.65;0;0;0;83.65;"-2.9417904";"35.291636"
"Europe";"Spain";"ESBIO";"Bilbao";0;5;0;0;10;123.96;487.98;0;0;611.94;"-2.9349478";"43.2629642"
"Europe";"Spain";"ESLCG";"La Coruna";0;0;0;0;0;0;0;0;5013;5013;"-8.4129958";"43.3650323"
"Europe";"Spain";"ESSDR";"Santander";0;0;0;0;0;0;38;0;0;38;"-3.8101067";"43.4623102"
"Europe";"Spain";"ESVGO";"Vigo";0;2;0;0;4;30.3;0;0;0;30.3;"-8.7247205";"42.2376602"
"Europe";"Spain";"ESALG";"Algeciras";382;4139;32;96;12322;154248.52;0;0;2100;156348.52;"-5.4487055";"36.1310804"
"Europe";"Spain";"ESAUZ";"Arroyo de la Luz";258;268;5;6;811;10181.45;0;0;0;10181.45;"-6.5845773";"39.4840338"
"Europe";"Spain";"ESBCN";"Barcelona";2096;204;520;1477;965;94577.76;105549;70030;0;270156.76;"2.1700437";"41.3870186"
"Europe";"Spain";"ESCAD";"Cadiz";3;21;0;0;45;383.1;0;0;0;383.1;"-6.2826008";"36.5216471"
"Europe";"Spain";"ESCAR";"Cartagena";0;0;0;0;0;0;0;0;22486;22486;"-1.0006184";"37.6267868"
"Europe";"Spain";"ESCAS";"Castellon de La Plana";40;32;1615;50;1819;5732.88;77;0;7000;12809.88;"-0.0374353";"39.9859953"
"Europe";"Spain";"ESGAN";"Gandia";0;0;0;0;0;0;155.7;0;0;155.7;"-0.1803423";"38.9675925"
"Europe";"Spain";"ESHUV";"Huelva";0;0;0;0;0;0;0;0;4684;4684;"-6.9495699";"37.256667"
"Europe";"Spain";"ESLPA";"Las Palmas";3249;4296;1;10;11862;132473.56;1007.21;0;0;133480.77;"-15.4350514";"28.1287799"
"Europe";"Spain";"ESAGP";"Malaga";13;23;65;0;124;748.34;0;0;0;748.34;"-4.421041";"36.7210805"
"Europe";"Spain";"ESPMI";"Palma de Mallorca";0;0;0;0;0;0;4143.59;0;0;4143.59;"2.6500714";"39.5695824"
"Europe";"Spain";"ESSAG";"Sagunto";0;0;20;10;40;80;0;31925;0;32005;"-0.2774146";"39.6791712"
"Europe";"Spain";"ESSCT";"Santa Cruz de Tenerife";54;123;0;0;300;2777.84;0;0;0;2777.84;"-16.2536378";"28.4597823"
"Europe";"Spain";"ESTAR";"Tarragona";5;15;0;14;63;574.24;463.09;0;6099;7136.33;"1.2546057";"41.1172364"
"Europe";"Spain";"ESTCI";"Tenerife";19;62;0;0;143;1295.71;0;0;0;1295.71;"-16.7555";"28.3159"
"Europe";"Spain";"ESVLC";"Valencia";687;637;5093;428;791;37337.23;48740.79;0;5604;91682.02;"-0.3759513";"39.4699014"
"Georgia, Russia, Ukraine";"Georgia";"GEBUS";"Batumi";1;57;0;0;115;1030.78;0;0;0;1030.78;"41.6471";"41.6515"
"Georgia, Russia, Ukraine";"Georgia";"GEPTI";"Poti";79;143;0;0;365;4055.62;0;0;0;4055.62;"41.6769";"42.1491"
"Georgia, Russia, Ukraine";"Russia";"RUKOR";"Korsakov";1;21;0;0;43;554.19;0;0;0;554.19;"142.7810147";"46.632815"
"Georgia, Russia, Ukraine";"Russia";"RUVVO";"Vladivostok";21;104;0;0;229;2315.84;0;0;0;2315.84;"131.8931";"43.1175"
"Georgia, Russia, Ukraine";"Russia";"RUVYP";"Vostochniy, Port";0;4;0;0;8;92.9;0;0;0;92.9;"132.9249";"42.8273"
"Georgia, Russia, Ukraine";"Russia";"RUKGD";"Kaliningrad";0;2;0;0;4;43.12;0;0;0;43.12;"20.4575";"54.7025"
"Georgia, Russia, Ukraine";"Russia";"RULED";"St. Petersburg";56;158;0;0;372;5503.12;0;0;0;5503.12;"30.3153628";"59.9393657"
"Georgia, Russia, Ukraine";"Russia";"RUNVS";"Novorossiysk";84;72;0;0;228;3402.55;0;0;0;3402.55;"37.7900";"44.7278"
"Georgia, Russia, Ukraine";"Russia";"RUTAG";"Taganrog";1;0;0;0;1;26;0;0;0;26;"38.9260";"47.2324"
"Georgia, Russia, Ukraine";"Ukraine";"UAILK";"Illichivs'k";2;8;0;0;18;194.3;0;0;0;194.3;"30.6561";"46.3016"
"Georgia, Russia, Ukraine";"Ukraine";"UAKEH";"Kerch";0;0;0;0;0;0;0;0;3100;3100;"36.4546096";"45.3543692"
"Georgia, Russia, Ukraine";"Ukraine";"UAODS";"Odessa";12;32;0;0;76;885.15;0;0;0;885.15;"30.7296333";"46.4713468"
"Italy";"Italy";"ITATX";"Arbatax";0;0;0;0;0;0;5945.74;0;0;5945.74;"9.7077252";"39.9354242"
"Italy";"Italy";"ITAUG";"Augusta";0;0;0;0;0;0;0;0;199324;199324;"15.2196575";"37.2369363"
"Italy";"Italy";"ITBDS";"Brindisi";0;0;0;0;0;0;0;0;30890;30890;"17.941611";"40.6327065"
"Italy";"Italy";"ITCAG";"Cagliari";787;1273;37;2;3374;38204.42;0;0;42037;80241.42;"9.1169358";"39.2225376"
"Italy";"Italy";"ITCTA";"Catania";578;270;26;9;1162;16471.18;585451.59;0;0;601922.77;"15.0871114";"37.5026081"
"Italy";"Italy";"ITGAE";"Gaeta";0;0;0;0;0;0;0;0;6975;6975;"13.56281";"41.218312"
"Italy";"Italy";"ITGIT";"Gioia Tauro";1896;2625;316;55;7572;82986.41;0;0;0;82986.41;"15.898995";"38.423974"
"Italy";"Italy";"ITSPE";"La Spezia";934;286;0;12;153;25632.12;0;0;19156;44788.12;"9.8282255";"44.107033"
"Italy";"Italy";"ITLIV";"Livorno";43;144;539;138;1146;5756.7;0;0;140157;145913.7;"10.3160295";"43.5426309"
"Italy";"Italy";"ITMDC";"Marina di Carrara";0;0;0;0;0;0;165.96;0;999;1164.96;"10.0450141";"44.0388351"
"Italy";"Italy";"ITMLZ";"Milazzo";0;0;0;0;0;0;0;0;25696;25696;"15.2411962";"38.220833"
"Italy";"Italy";"ITNAP";"Napoli";2573;2378;2071;1254;11908;117603.76;271.95;0;0;117875.71;"14.2492569";"40.8516128"
"Italy";"Italy";"ITOLB";"Olbia";0;0;0;0;0;0;208668.79;0;0;208668.79;"9.4994397";"40.9240543"
"Italy";"Italy";"ITORI";"Oristano";0;0;0;0;0;0;0;0;311;311;"8.5948592";"39.9023565"
"Italy";"Italy";"ITPMO";"Palermo";19;40;2;89;279;1545.92;1434891.18;0;0;1436437.1;"13.335745";"38.111051"
"Italy";"Italy";"ITPEM";"Porto Empedocle";0;0;0;0;0;0;0;0;6561;6561;"13.526358";"37.293438"
"Italy";"Italy";"ITPFX";"Porto Foxi";0;0;0;0;0;0;0;0;48763;48763;"9.0293";"39.0797"
"Italy";"Italy";"ITPMA";"Porto Marghera";0;0;0;0;0;0;0;0;12458;12458;"12.2243298";"45.4755731"
"Italy";"Italy";"ITPTO";"Porto Torres";0;0;0;0;0;0;607584.58;0;5685;613269.58;"8.4031462";"40.8344403"
"Italy";"Italy";"ITPRI";"Priolo";0;0;0;0;0;0;0;0;44777;44777;"15.2032";"37.1723"
"Italy";"Italy";"ITSAL";"Salerno";190;174;353;69;1029;10357.65;97;0;0;10454.65;"14.7657547";"40.6779781"
"Italy";"Italy";"ITSPA";"Santa Panagia";0;0;0;0;0;0;0;0;10517;10517;"15.2797";"37.1086"
"Italy";"Italy";"ITSVN";"Savona-Vado";0;0;0;0;0;0;0;0;62098;62098;"8.4810276";"44.3078775"
"Italy";"Italy";"ITTAR";"Taranto";2;3;7;83;181;436.36;6803.38;32834;0;40073.74;"17.2432278";"40.4712427"
"Italy";"Italy";"ITTPS";"Trapani";1;0;65;0;66;147.6;0;0;0;147.6;"12.5437475";"38.0160543"
"Italy";"Italy";"ITTRS";"Trieste";30;2;0;0;34;687.54;0;0;0;687.54;"13.7706559";"45.6500335"
"Italy";"Italy";"ITVDL";"Vado Ligure";0;0;0;0;0;0;0;0;52664;52664;"8.4381663";"44.2713924"
"Italy";"Italy";"ITVCE";"Venezia";0;5;0;0;10;130;0;0;33611;33741;"12.318564";"45.4384143"
"Oceania";"Australia";"AUADL";"Adelaide";400;196;0;0;792;8891.16;0;0;0;8891.16;"138.599899";"-34.9274284"
"Oceania";"Australia";"AUBNE";"Brisbane";493;383;0;0;1259;15808.89;0;0;0;15808.89;"153.0234991";"-27.4689682"
"Oceania";"Australia";"AUDRW";"Darwin";2;0;0;0;2;16.63;529.17;0;0;545.8;"130.8410469";"12.46044"
"Oceania";"Australia";"AUFRE";"Fremantle";127;839;0;0;2948;35967.62;0;0;0;35967.62;"115.7461693";"-32.0558714"
"Oceania";"Australia";"AUMEL";"Melbourne";3773;3521;3;0;10818;114375.57;197;0;0;114572.57;"144.9631608";"-37.8142176"
"Oceania";"Australia";"AUNTL";"Newcastle";1;2;0;0;5;61.1;0;0;0;61.1;"151.7812534";"-32.9272881"
"Oceania";"Australia";"AUSYD";"Sydney";305;291;0;3;8876;92359.33;0;0;0;92359.33;"151.2164539";"33.8548157"
"Oceania";"Australia";"AUTSV";"Townsville";7;0;0;0;7;180.13;0;0;0;180.13;"146.8239537";"-19.2569391"
"Oceania";"French Polynesia";"PFPPT";"Papeete";34;19;0;0;72;1276.44;0;0;0;1276.44;"-149.562742";"-17.5333072"
"Oceania";"Guam";"GUGUM";"Guam";10;1;0;0;12;122.86;0;0;0;122.86;"144.8970036";"13.5394645"
"Oceania";"New Caledonia";"NCNOU";"Noumea";8;28;0;0;64;733.5;0;0;0;733.5;"166.442419";"-22.2745264"
"Oceania";"New Zealand";"NZAKL";"Auckland";644;558;0;0;176;22137.06;0;0;0;22137.06;"174.7655514";"-36.8534665"
"Oceania";"New Zealand";"NZCHC";"Christchurch";4;1;0;0;6;37.27;0;0;0;37.27;"172.6366455";" -43.530955"
"Oceania";"New Zealand";"NZLYT";"Lyttelton";84;119;0;0;322;3674.27;0;0;0;3674.27;"172.7205727";"-43.6024739"
"Oceania";"New Zealand";"NZNPE";"Napier";27;3;0;0;33;516.67;0;0;0;516.67;"176.9179114";"39.4908578"
"Oceania";"New Zealand";"NZNSN";"Nelson";2;1;0;0;4;42.03;0;0;0;42.03;"173.2836756";"-41.2710849"
"Oceania";"New Zealand";"NZPOE";"Port Chalmers";1;4;0;0;9;85.41;0;0;0;85.41;"170.6197581";"-45.8161866"
"Oceania";"New Zealand";"NZTRG";"Tauranga";25;34;0;0;93;1036.78;0;0;0;1036.78;"176.1684472";"37.6865464"
"Oceania";"New Zealand";"NZWLG";"Wellington";96;46;0;0;188;2643.22;0;0;0;2643.22;"174.7772239";"-41.2887639"
"Oceania";"New Zealand";"NZNPL";"New Plymouth";0;7;0;0;14;109.03;0;0;0;109.03;"174.0806474";"-39.0579941"
"Oceania";"Papua New Guinea";"PGMAG";"Madang";0;1;0;0;2;24.4;0;0;0;24.4;"145.8088188";" -5.2129115"
"Oceania";"Papua New Guinea";"PGPOM";"Port Moresby";0;2;0;0;4;37.84;0;0;0;37.84;"147.1498377";"-9.479082"
"Oceania";"Samoa Occidentali";"WSAPW";"Apia";0;3;0;0;6;76.01;0;0;0;76.01;"-171.7692793";"-13.8343691"
"Oceania";"Tonga";"TOTBU";"Nuku Alofa";0;1;0;0;2;11.28;0;0;0;11.28;"-175.1916118";" -21.1392258"
