"Geographical Areas"	"Countries"	"locode"	"Ports"	"Containers full 20'"	"Containers full 40'"	"Containers empty 20'"	"Containers empty 40'"	"TEUS"	"Containerised Cargo"	"Conventional Cargo"	"Solid Bulk"	"Liquid Bulk"	"TOTAL"	"lon"	"lat"
"West Africa"	"Benin"	"BJCOO"	"Cotonou"	1	1	103	78	262	555,96	0	0	0	555,96	-1,5267	12,3723
"West Africa"	"Cameroon"	"CMDLA"	"Douala"	134	107	100	29	506	6054	0	0	0	6054	11,8800	-4,7700
"West Africa"	"Gabon"	"GACLZ"	"Cap Lopez"	0	0	0	0	0	0	0	0	83646	83646	8,7122	-0,6288
"West Africa"	"Gabon"	"GALBV"	"Libreville"	4	0	0	0	4	98,95	0	0	0	98,95	9,4580	0,3854
"West Africa"	"Ghana"	"GHTKD"	"Takoradi"	147	184	4	94	707	7701,86	0	0	0	7701,86	-1,7434	4,8848
"West Africa"	"Ghana"	"GHTEM"	"Tema"	315	111	498	628	2291	10923,41	17	0	0	10940,41	-16,5917	13,4539
"West Africa"	"Guinea"	"GNCKY"	"Conakry"	0	0	82	54	190	380	0	0	0	380	-13,7071	9,5127
"West Africa"	"Ivory coast"	"CIABJ"	"Abidjan"	988	1185	450	381	4570	51710,78	170,09	0	0	51880,87	9,7700	1,8700
"West Africa"	"Ivory coast"	"CISPY"	"San Pedro"	42	182	0	275	956	7430,66	0	0	0	7430,66	8,7833	3,7500
"West Africa"	"Mauritania"	"MRNKC"	"Nouakchott"	1	0	0	0	1	3	0	0	0	3	-15,9763	18,0790
"West Africa"	"Nigeria"	"NGABF"	"Abo Terminal"	0	0	0	0	0	0	0	0	357977	357977	4,4670	5,7000
"West Africa"	"Nigeria"	"NGHBR"	"Brass Terminal"	0	0	0	0	0	0	0	0	111422	111422	4,3037	6,2439
"West Africa"	"Nigeria"	"NGFOR"	"Forcados"	0	0	0	0	0	0	0	0	88072	88072	5,4383	5,3589
"West Africa"	"Nigeria"	"NGLOS"	"Lagos"	157	10	945	906	2934	9010,83	92,5	0	0	9103,33	3,3896	6,4452
"West Africa"	"Nigeria"	"NGTIN"	"Tincan"	37	187	115	1523	3572	11447,21	0	0	0	11447,21	3,3495	6,4317
"West Africa"	"Senegal"	"SNDKR"	"Dakar"	240	40	610	643	2216	9207,5	1059,85	0	0	10267,35	-17,4751	14,7178
"West Africa"	"Sierra leone"	"SLFNA"	"Freetown"	0	0	0	2	4	8	0	0	0	8	-13,2652	8,4782
"West Africa"	"Togo"	"TGLFW"	"Lom√®"	2	149	229	157	843	3969,14	0	0	0	3969,14	1,2208	6,1339
"West Africa"	"Zaire"	"ZRKMN"	"Kamina"	0	0	0	0	0	0	1999	0	0	1999	24,9973	-8,7370
"East Africa"	"Djibouti"	"DJJIB"	"Djibouti"	310	25	1385	1435	4615	15500,39	18	0	0	15518,39	39,4500	15,6101
"East Africa"	"Kenya"	"KEMBA"	"Mombasa"	1623	193	649	1109	4876	44520,82	500,97	0	0	45021,79	43,2402	-11,7042
"East Africa"	"Madagascar"	"MGTMM"	"Tamatave"	1	1	0	0	3	15,01	0	0	0	15,01	49,4105	-18,1554
"East Africa"	"Mauritius"	"MUPLU"	"Port Louis"	80	2	0	0	84	2138,35	0	0	0	2138,35	57,5046	-20,1639
"East Africa"	"Mozambique"	"MZMPM"	"Maputo"	1014	69	37	273	1735	26892,55	106079,45	0	0	132972	40,6670	-14,5436
"East Africa"	"Reunion"	"REPDG"	"Port Reunion"	18	0	0	0	18	446,3	0	0	0	446,3	55,2871	-20,9358
"East Africa"	"South Africa"	"ZACPT"	"Cape Town"	4	9	0	0	22	237,42	9644,81	0	11489	21371,23	37,2164	19,6158
"East Africa"	"South Africa"	"ZADUR"	"Durban"	530	191	19	49	1029	18673,36	12475,72	0	0	31149,08	39,2664	-6,7981
"East Africa"	"South Africa"	"ZAPLZ"	"Port Elizabeth"	3	0	0	0	3	48,1	0	0	0	48,1	39,2000	-6,1600
"East Africa"	"Sudan"	"SDPZU"	"Port Sudan"	16	0	0	0	16	354,98	0	0	0	354,98	28,0281	-26,1681
"East Africa"	"Tanzania"	"TZDAR"	"Dar es Salaam"	560	41	361	836	2675	16802,24	72,99	0	0	16875,23	25,5981	-33,9681
"North Africa"	"Algeria"	"DZALG"	"Alger"	216	42	2745	5383	13811	32789,45	0	0	0	32789,45	7,7600	36,9200
"North Africa"	"Algeria"	"DZAAE"	"Annaba"	0	0	0	0	0	0	0	7697	0	7697	3,0486	36,7650
"North Africa"	"Algeria"	"DZAZW"	"Arzew"	0	0	0	0	0	0	0	0	486994	486994	-0,3153	35,8570
"North Africa"	"Algeria"	"DZBJA"	"Bejaia"	686	10	3	161	1031	13863,68	120,86	0	344995	358979,54	5,0700	36,7604
"North Africa"	"Algeria"	"DZMOS"	"Mostaganem"	0	0	0	0	0	0	269,49	0	0	269,49	0,0936	35,9287
"North Africa"	"Algeria"	"DZORN"	"Oran"	1	1	0	0	3	32,6	0	0	0	32,6	-0,6219	35,7119
"North Africa"	"Algeria"	"DZSKI"	"Skikda"	0	0	0	0	0	0	0	0	162340	162340	6,9000	36,8804
"North Africa"	"Egypt"	"EGSUZ"	"Suez"	0	0	0	0	0	0	0	0	7281	7281	29,9481	31,2020
"North Africa"	"Egypt"	"EGWAF"	"Wadi Feiran"	0	0	0	0	0	0	0	0	37996	37996	33,2546	28,6807
"North Africa"	"Egypt"	"EGALY"	"Alexandria"	3855	2405	822	4127	17741	139248,36	1633,3	13100	9223	163204,66	31,8200	31,4204
"North Africa"	"Egypt"	"EGDAM"	"Damietta"	737	1641	2288	4730	15767	72721,02	0	64420	0	137141,02	32,2900	31,2600
"North Africa"	"Egypt"	"EGPSD"	"Port Said"	60	118	633	2924	6777	16549,43	0	0	15647	32196,43	32,3580	31,2119
"North Africa"	"Egypt"	"EGPSE"	"Port Said East"	252	365	637	6110	13839	36908,63	0	0	0	36908,63	32,5499	30,0050
"North Africa"	"Egypt"	"EG012"	"Sidi Kerir Terminal"	0	0	0	0	0	0	0	0	242189	242189	29,6679	31,0482
"North Africa"	"Libya"	"LYKHO"	"AL Khums"	0	0	21	190	401	789,31	49	0	0	838,31	20,0648	32,1187
"North Africa"	"Libya"	"LYBEN"	"Bingazi"	42	0	666	460	1628	4037,95	3	0	0	4040,95	14,2600	32,6604
"North Africa"	"Libya"	"LYBOT"	"Bouri Terminal"	0	0	0	0	0	0	0	0	134709	134709	12,6497	33,9036
"North Africa"	"Libya"	"LYESI"	"Es Sider"	0	0	0	0	0	0	0	0	411159	411159	18,3655	30,6380
"North Africa"	"Libya"	"LYMBR"	"Marsa el Brega"	0	0	0	0	0	0	0	0	260246	260246	19,5988	30,3810
"North Africa"	"Libya"	"LYMTH"	"Melitah"	0	0	0	0	0	0	0	0	99437	99437	12,2422	32,8591
"North Africa"	"Libya"	"LYMRA"	"Misurata"	15	14	1157	3203	7606	16109,41	344,57	0	0	16453,98	15,1000	32,3800
"North Africa"	"Libya"	"LYRLA"	"Ras Lanuf"	0	0	0	0	0	0	0	0	445361	445361	18,4178	30,5869
"North Africa"	"Libya"	"LYTIP"	"Tripoli"	47	55	1587	1903	5550	12873,28	1702	0	0	14575,28	13,1800	32,8925
"North Africa"	"Libya"	"LYZAW"	"Zawia Terminal"	0	0	0	0	0	0	0	0	950981	950981	12,7232	32,7658
"North Africa"	"Morocco"	"MAPTM"	"Tangier Med"	718	665	2177	6218	16661	62841,23	62260,2	0	36632	161733,43	-9,6200	30,4400
"North Africa"	"Morocco"	"MACAS"	"Casablanca"	8	9	195	258	737	1803,06	0	0	0	1803,06	-5,4973	35,8935
"North Africa"	"Morocco"	"MAMOH"	"Mohammedia"	0	0	0	0	0	0	0	0	32909	32909	-7,3881	33,7070
"North Africa"	"Tunisia"	"TNBIZ"	"Bizerta"	0	0	0	0	0	0	0	3845	0	3845	9,8714	37,2732
"North Africa"	"Tunisia"	"TNLGN"	"La Goulette"	0	0	0	0	0	0	0	0	796	796	10,3033	36,8092
"North Africa"	"Tunisia"	"TNLSK"	"La Skhirra"	0	0	0	0	0	0	0	0	214967	214967	10,1654	34,3343
"North Africa"	"Tunisia"	"TNRDS"	"Rades"	158	164	2143	1693	6015	18136,29	482994,06	0	0	501130,35	10,2834	36,7779
"North Africa"	"Tunisia"	"TNSFA"	"Sfax"	0	0	0	0	0	0	0	0	1900	1900	10,7601	34,7398
"North Africa"	"Tunisia"	"TNSUS"	"Sousse"	0	0	0	0	0	0	0	21604	0	21604	10,6350	35,8241
"North Africa"	"Tunisia"	"TNTUN"	"Tunis"	594	433	3392	3108	11068	42795,93	147588,46	0	0	190384,39	10,1797	36,8028
"Central America"	"Costa Rica"	"CRMOB"	"Puerto Moin"	321	729	0	4	1787	24720,53	0	0	0	24720,53	-83,0760	9,9991
"Central America"	"Cuba"	"CUHAV"	"Havana"	81	442	740	1113	3931	19577,5	0	0	0	19577,5	-82,3659	23,1380
"Central America"	"Cuba"	"CUSCU"	"Santiago de Cuba"	1	36	56	65	259	1251,42	0	0	0	1251,42	-75,8290	20,0289
"Central America"	"Dominican Republic"	"DOCAU"	"Caucedo"	1039	434	889	3402	9600	52082,46	0	0	0	52082,46	-69,6449	18,4148
"Central America"	"Guadaloupe"	"GPPTP"	"Pointe a Pitre"	179	11	0	0	201	4135,06	0	0	0	4135,06	-61,5334	16,2409
"Central America"	"Guatemala"	"GTSTC"	"Santo Tomas de Castilla"	2	0	5	0	7	47,96	1009,36	0	0	1057,32	-88,6111	15,6867
"Central America"	"Jamaica"	"JMKIN"	"Kingston "	284	485	371	1518	4661	25480,61	0	0	0	25480,61	-76,7928	17,9712
"Central America"	"Martinique"	"MQFDF"	"Fort de France"	3	7	11	1	30	111,27	0	0	0	111,27	-61,0768	14,6037
"Central America"	"Mexico"	"MXATM"	"Altamira "	1290	560	18	58	2544	49144,55	0	0	0	49144,55	-97,9300	22,4062
"Central America"	"Mexico"	"MXZLO"	"Manzanillo"	157	167	65	405	1366	9371,59	0	0	0	9371,59	-104,3160	19,0506
"Central America"	"Mexico"	"MXTAM"	"Tampico"	0	0	0	10	20	40	0	0	0	40	-97,8520	22,2324
"Central America"	"Mexico"	"MXVER"	"Veracruz"	541	897	229	475	3514	37964,97	265,65	0	0	38230,62	-96,1386	19,2002
"Central America"	"Panama"	"PAMPT"	"Mamitupo"	0	1	0	0	2	23,99	0	0	0	23,99	-77,9773	9,1906
"Central America"	"Panama"	"PAMAN"	"Manzanillo "	245	208	14	104	883	10608,85	0	0	0	10608,85	-104,3160	19,0506
"Central America"	"Panama"	"PAPTY"	"Panama City"	220	154	23	485	1521	10414,41	0	0	0	10414,41	-79,5345	8,9707
"Central America"	"Trinidad"	"TTPOS"	"Port of Spain"	1	0	0	0	1	24	0	0	0	24	-61,5181	10,6572
"North America"	"Canada"	"CAHAL"	"Halifax"	37	89	61	25	326	3250,54	0	0	0	3250,54	-63,5750	44,6484
"North America"	"Canada"	"CAVAN"	"Vancouver"	8	87	58	108	456	2943,69	0	0	0	2943,69	-122,6745	45,6307
"North America"	"Canada"	"CAMTR"	"Montreal"	1474	4160	315	2709	15527	91345,54	0	0	0	91345,54	-73,5913	45,5225
"North America"	"United States of America"	"USAWR"	"Acworth, ga"	2	0	0	0	2	7,64	0	0	0	7,64	-84,6745	34,0655
"North America"	"United States of America"	"USATL"	"Atlanta, ga"	1	1	0	0	3	30,24	0	0	0	30,24	-84,3899	33,7479
"North America"	"United States of America"	"USCNX"	"Canton, ga"	3	4	0	0	11	82,12	0	0	0	82,12	-84,4920	34,2370
"North America"	"United States of America"	"USCLT"	"Charlotte, nc"	0	6	0	0	12	88,39	0	0	0	88,39	-80,8414	35,2258
"North America"	"United States of America"	"USCHA"	"Chattanooga, tn"	3	7	0	0	17	108,77	0	0	0	108,77	-85,3094	35,0461
"North America"	"United States of America"	"USCRP"	"Corpus Christi"	0	0	0	0	0	0	0	0	32281	32281	-97,3930	27,8006
"North America"	"United States of America"	"USMKC"	"Kansas City mo"	30	8	0	0	46	696,38	0	0	0	696,38	-94,5552	39,0913
"North America"	"United States of America"	"USMCH"	"McDonough, ga"	0	12	0	0	24	144,6	0	0	0	144,6	-84,1445	33,4468
"North America"	"United States of America"	"USPAB"	"Palm Beach"	0	0	0	0	0	0	1077,7	0	0	1077,7	-80,0290	26,6999
"North America"	"United States of America"	"USPEF"	"Port Everglades"	165	463	422	517	2547	10848,03	198	0	0	11046,03	-80,1273	26,0969
"North America"	"United States of America"	"USSAV"	"Savannah"	820	4001	684	1458	12422	104414,73	0	0	0	104414,73	-81,0998	32,0835
"North America"	"United States of America"	"USPBI"	"West Palm Beach"	0	0	0	0	0	0	2089	0	0	2089	-80,0552	26,7152
"North America"	"United States of America"	"USMMI"	"Athens, tn"	0	2	0	0	4	16,44	0	0	0	16,44	-84,5911	35,4428
"North America"	"United States of America"	"USBAL"	"Baltimore"	1	1	4	23	53	137,98	412,34	0	0	550,32	-76,6108	39,2909
"North America"	"United States of America"	"USBVF"	"Beaver Falls, ny"	0	11	0	0	22	193,04	0	0	0	193,04	-75,4272	43,8871
"North America"	"United States of America"	"USBED"	"Bedford, ma"	0	7	0	0	14	60,43	0	0	0	60,43	-71,2729	42,4911
"North America"	"United States of America"	"USXCA"	"Bedford, oh"	1	0	0	0	1	22,31	0	0	0	22,31	-81,5364	41,3937
"North America"	"United States of America"	"USHSY"	"Chase City, vi"	0	2	0	0	4	31,48	0	0	0	31,48	-78,4545	36,8002
"North America"	"United States of America"	"USCR5"	"Chester, wv"	1	0	0	0	1	6,83	0	0	0	6,83	-80,5619	40,6144
"North America"	"United States of America"	"USCVJ"	"Covington, va"	0	8	0	0	16	189,59	0	0	0	189,59	-79,9943	37,7934
"North America"	"United States of America"	"USEAE"	"Earle, nj"	0	1	0	0	2	8,85	0	0	0	8,85	-74,1400	40,2254
"North America"	"United States of America"	"USEDN"	"Edison, nj"	0	11	0	0	22	100,54	0	0	0	100,54	-74,3511	40,5064
"North America"	"United States of America"	"USEGG"	"Egg Harbor, nj"	0	1	0	0	2	7,91	0	0	0	7,91	-74,6468	39,5299
"North America"	"United States of America"	"USAEB"	"Fords, nj"	2	0	0	0	2	30,22	0	0	0	30,22	-74,3158	40,5295
"North America"	"United States of America"	"USHNU"	"Huntington, wn"	0	4	0	0	8	91,94	0	0	0	91,94	-92,5566	45,1926
"North America"	"United States of America"	"USUJV"	"Jamaica, Queens, ny"	2	1	0	0	4	13,63	0	0	0	13,63	-73,8058	40,6916
"North America"	"United States of America"	"USKTG"	"Kittanning, pa"	3	6	0	0	15	150,21	0	0	0	150,21	-79,5226	40,8184
"North America"	"United States of America"	"USMAO"	"Madison, tn"	0	1	0	0	2	10,41	0	0	0	10,41	-86,7454	34,7141
"North America"	"United States of America"	"USQMU"	"Mantua, nj"	0	3	0	0	6	68,26	0	0	0	68,26	-75,1719	39,7940
"North America"	"United States of America"	"USMEG"	"Mechanicsburg, pa"	0	4	0	0	8	36,91	0	0	0	36,91	-77,0020	40,2106
"North America"	"United States of America"	"USMNR"	"Monroe, nc"	0	2	0	0	4	19,92	0	0	0	19,92	-80,5502	34,9865
"North America"	"United States of America"	"USOOU"	"Moosup, ct"	2	0	0	0	2	11,21	0	0	0	11,21	-71,8784	41,7155
"North America"	"United States of America"	"USNKG"	"New Kingston"	1	0	0	0	1	3,54	0	0	0	3,54	-74,6818	42,2139
"North America"	"United States of America"	"USNYC"	"New York"	1938	3664	1061	3291	16909	120232,22	0	0	33677	153909,22	-73,9866	40,7306
"North America"	"United States of America"	"USEWR"	"Newark"	170	658	2	689	2866	17142,68	0	0	0	17142,68	-74,1728	40,7355
"North America"	"United States of America"	"USORF"	"Norfolk"	716	2204	63	339	5865	57120,62	25	0	0	57145,62	-76,2904	36,9100
"North America"	"United States of America"	"USPHL"	"Philadelphia"	1	0	0	0	1	3,36	297,8	0	0	301,16	-75,1748	39,9428
"North America"	"United States of America"	"USPIT"	"Pittsburgh, pa"	3	0	0	0	3	22,7	0	0	0	22,7	-79,9926	40,4407
"North America"	"United States of America"	"USPTM"	"Portsmouth, va"	10	51	0	0	112	1222,84	0	0	0	1222,84	-76,2992	36,8355
"North America"	"United States of America"	"USSLM"	"Salem, ma"	0	5	0	0	10	116,64	0	0	0	116,64	-70,8945	42,5189
"North America"	"United States of America"	"USWSH"	"Shirley, ny"	1	0	0	0	1	2,93	0	0	0	2,93	-72,8675	40,8005
"North America"	"United States of America"	"USSVK"	"Slate Hill, ny"	7	1	0	0	9	134,15	0	0	0	134,15	-74,4764	41,3908
"North America"	"United States of America"	"USSMF"	"Smithfield, nc"	0	2	0	0	4	20,35	0	0	0	20,35	-78,3385	35,5089
"North America"	"United States of America"	"USSYM"	"South Hadley, ma"	1	2	0	0	5	36,74	0	0	0	36,74	-72,5743	42,2584
"North America"	"United States of America"	"USWCL"	"Windsor Locks, ct"	0	1	0	0	2	6,95	0	0	0	6,95	-72,6267	41,9292
"North America"	"United States of America"	"USBWG"	"Bowling Green, ky"	1	2	0	0	5	30,89	0	0	0	30,89	-86,4460	36,9892
"North America"	"United States of America"	"USCLW"	"Clearwater, fl"	1	3	0	0	7	65,76	0	0	0	65,76	-82,7998	27,9664
"North America"	"United States of America"	"USDVT"	"Davant"	0	0	0	0	0	0	0	33006	0	33006	-89,8469	29,6087
"North America"	"United States of America"	"USFRP"	"Freeport tx"	0	0	0	0	0	0	0	0	6129	6129	-95,3588	28,9559
"North America"	"United States of America"	"USGBQ"	"Gordon, ne"	0	1	0	0	2	6,72	0	0	0	6,72	-102,2042	42,8040
"North America"	"United States of America"	"USHOU"	"Houston"	713	1511	113	319	4486	50192,72	427,8	109665	4189	164474,52	-95,3659	29,7580
"North America"	"United States of America"	"USMEM"	"Memphis, tn"	2	20	0	0	42	211,15	0	0	0	211,15	-90,0474	35,1489
"North America"	"United States of America"	"USMSY"	"New Orleans"	102	389	714	223	2040	12926,06	0	86850	89872	189648,06	-90,0694	29,9478
"North America"	"United States of America"	"USPCR"	"Point Comfort"	0	0	0	0	0	0	0	0	6192	6192	-96,5596	28,6823
"North America"	"United States of America"	"USSGF"	"Springfield, mi"	2	0	0	0	2	25,41	0	0	0	25,41	-93,2942	37,2154
"North America"	"United States of America"	"USSTL"	"St. Louis"	2	8	0	0	18	140,42	0	0	0	140,42	-90,1938	38,6302
"North America"	"United States of America"	"USTXT"	"Texas City"	0	0	0	0	0	0	0	0	62408	62408	-94,9048	29,3963
"North America"	"United States of America"	"USAMN"	"Alma, mi"	2	0	0	0	2	15,76	0	0	0	15,76	-84,6586	43,3760
"North America"	"United States of America"	"USAMW"	"Ames, ia"	0	6	0	0	12	135,01	0	0	0	135,01	-93,6198	42,0345
"North America"	"United States of America"	"USBNI"	"Burnsville, mn"	1	1	0	0	3	35,76	0	0	0	35,76	-93,2772	44,7676
"North America"	"United States of America"	"USCHI"	"Chicago"	14	4	0	0	22	218,67	0	0	0	218,67	-87,6251	41,8758
"North America"	"United States of America"	"USUFB"	"Church Hill, mi"	9	0	0	0	9	200,07	0	0	0	200,07	-82,7144	36,5217
"North America"	"United States of America"	"USCVG"	"Cincinnati"	0	3	0	0	6	65,14	0	0	0	65,14	-84,5136	39,1019
"North America"	"United States of America"	"USCLE"	"Cleveland, oh"	1	21	0	0	43	486,09	0	0	0	486,09	-81,6811	41,4949
"North America"	"United States of America"	"USCMH"	"Columbus, oh"	2	5	0	0	12	88,86	0	0	0	88,86	-82,9989	39,9630
"North America"	"United States of America"	"USDET"	"Detroit"	0	4	0	0	8	110,92	0	0	0	110,92	-83,0567	42,3493
"North America"	"United States of America"	"USFGT"	"Farmington, ny"	1	0	0	0	1	7,99	0	0	0	7,99	-77,3079	42,9846
"North America"	"United States of America"	"USFSO"	"Fostoria, oh"	0	9	0	0	18	207,6	0	0	0	207,6	-83,4166	41,1565
"North America"	"United States of America"	"USGRO"	"Grove City, pa"	0	21	0	0	42	308,91	0	0	0	308,91	-80,0881	41,1581
"North America"	"United States of America"	"USHUO"	"Hudson, oh"	0	3	0	0	6	19	0	0	0	19	-81,4383	41,2405
"North America"	"United States of America"	"USLKZ"	"Lake Zurich, il"	0	2	0	0	4	19,77	0	0	0	19,77	-88,0937	42,1965
"North America"	"United States of America"	"USLCO"	"Lincolnshire, il"	1	0	0	0	1	3,4	0	0	0	3,4	-87,9087	42,1894
"North America"	"United States of America"	"USJYN"	"Lyndon, ky"	1	0	0	0	1	6,49	0	0	0	6,49	-85,5983	38,2563
"North America"	"United States of America"	"USMSN"	"Madison, wi"	0	4	0	0	8	62,11	0	0	0	62,11	-89,3854	43,0757
"North America"	"United States of America"	"USMKT"	"Mankato, mn"	0	1	0	0	2	12,17	0	0	0	12,17	-93,9961	44,1654
"North America"	"United States of America"	"USMES"	"Minneapolis, mn"	9	3	0	0	15	73,08	0	0	0	73,08	-93,2656	44,9770
"North America"	"United States of America"	"USMME"	"Momence, il"	0	1	0	0	2	16,83	0	0	0	16,83	-87,6610	41,1644
"North America"	"United States of America"	"USMGK"	"Muskegon, mi"	1	0	0	0	1	3,72	0	0	0	3,72	-86,2476	43,2339
"North America"	"United States of America"	"USNEG"	"Negley, oh"	1	0	0	0	1	21,2	0	0	0	21,2	-80,5390	40,7901
"North America"	"United States of America"	"USOAC"	"Oak Creek, wi"	0	3	0	0	6	48,41	0	0	0	48,41	-87,8713	42,8852
"North America"	"United States of America"	"USOFO"	"Old Fort, oh"	1	1	0	0	3	45,85	0	0	0	45,85	-83,1499	41,2401
"North America"	"United States of America"	"USOOA"	"Oskaloosa, ai"	0	3	0	0	6	70,05	0	0	0	70,05	-92,6420	41,2953
"North America"	"United States of America"	"USOWA"	"Owatonna, mn"	0	1	0	0	2	5,1	0	0	0	5,1	-93,2242	44,0847
"North America"	"United States of America"	"USPCJ"	"Princeton, in"	2	0	0	0	2	12,17	0	0	0	12,17	-87,5679	38,3537
"North America"	"United States of America"	"USROU"	"Romulus"	1	0	0	0	1	5,12	0	0	0	5,12	-83,3927	42,2248
"North America"	"United States of America"	"USXLY"	"Savage, mn"	0	3	0	0	6	20,22	0	0	0	20,22	-93,3363	44,7777
"North America"	"United States of America"	"USSGH"	"Springfield, il"	1	0	0	0	1	15,19	0	0	0	15,19	-89,6440	39,8028
"North America"	"United States of America"	"USSYR"	"Syracuse"	0	2	0	0	4	18,75	0	0	0	18,75	-76,1389	43,0464
"North America"	"United States of America"	"USTOL"	"Toledo"	5	0	0	0	5	107,89	0	0	0	107,89	-83,5035	41,6856
"North America"	"United States of America"	"USURB"	"Urbana, il"	1	0	0	0	1	2,48	0	0	0	2,48	-88,2071	40,1122
"North America"	"United States of America"	"USVEA"	"Verona, mi"	0	1	0	0	2	23,69	0	0	0	23,69	-93,7947	36,9645
"North America"	"United States of America"	"USXOD"	"Watseka, il"	2	0	0	0	2	9	0	0	0	9	-87,7336	40,7755
"North America"	"United States of America"	"USWUP"	"Waupaca, wi"	1	0	0	0	1	19,23	0	0	0	19,23	-89,0859	44,3580
"North America"	"United States of America"	"USWLZ"	"Winamac, in"	0	1	0	0	2	10,86	0	0	0	10,86	-86,6028	41,0515
"North America"	"United States of America"	"USWDD"	"Wood Dale, il"	0	1	0	0	2	14,69	0	0	0	14,69	-87,9779	41,9635
"North America"	"United States of America"	"USLAX"	"Los Angeles"	55	202	0	6	471	3209,28	0	0	0	3209,28	-118,2427	34,0537
"North America"	"United States of America"	"USOAK"	"Oakland"	1179	362	0	15	1933	37285,48	0	0	0	37285,48	-122,2703	37,8037
"North America"	"United States of America"	"USOCR"	"Oregon City, or"	0	1	0	0	2	14,54	0	0	0	14,54	-122,6048	45,3579
"North America"	"United States of America"	"USPDX"	"Portland (West Coast)"	20	41	0	0	102	1243,66	0	0	0	1243,66	-122,6723	45,5205
"North America"	"United States of America"	"USSEA"	"Seattle"	1	0	0	0	1	5,43	0	0	0	5,43	-122,3306	47,6052
"North America"	"United States of America"	"USTIW"	"Tacoma, wa"	11	22	0	5	65	447,66	0	0	0	447,66	-122,4371	47,2507
"North America"	"United States of America"	"USWAU"	"Wauna, or"	0	1	0	0	2	10,05	0	0	0	10,05	-123,4041	46,1601
"South America"	"Argentina"	"ARBUE"	"Buenos Aires"	743	1021	164	398	3745	46014,85	0	0	2040	48054,85	-58,3995	-34,6006
"South America"	"Argentina"	"ARROS"	"Rosario"	0	0	0	0	0	0	0	0	1485	1485	-60,6634	-32,9586
"South America"	"Argentina"	"ARSLO"	"San Lorenzo"	0	0	0	0	0	0	0	0	250	250	-60,7427	-32,7472
"South America"	"Brazil"	"BRBEL"	"Belem"	2	1	0	0	4	51,11	0	0	0	51,11	-48,4682	-1,4506
"South America"	"Brazil"	"BRFOR"	"Fortaleza"	12	4	0	0	20	299,7	0	0	0	299,7	-38,5218	-3,7305
"South America"	"Brazil"	"BRITJ"	"Itajai"	10	8	0	0	26	448,27	32	0	0	480,27	-48,6800	-26,8996
"South America"	"Brazil"	"BRIOA"	"Itapora"	323	601	18	50	1643	23530	0	0	0	23530	-54,7963	-22,0838
"South America"	"Brazil"	"BRNVT"	"Navegantes"	443	334	90	372	1945	20367,31	0	0	0	20367,31	-48,6477	-26,8893
"South America"	"Brazil"	"BRPNG"	"Paranagua"	0	5	0	0	10	113,9	0	0	0	113,9	-48,5345	-25,5279
"South America"	"Brazil"	"BRRIO"	"Rio de Janeiro"	2905	565	101	1460	7056	96356,17	983,13	0	0	97339,3	-43,2270	-22,9231
"South America"	"Brazil"	"BRRIG"	"Rio Grande"	217	415	43	182	1454	13582,23	0	0	0	13582,23	-52,1200	-32,0495
"South America"	"Brazil"	"BRSSA"	"Salvador"	19	8	0	0	35	759,74	0	0	0	759,74	-38,4819	-12,9680
"South America"	"Brazil"	"BRSSZ"	"Santos"	3976	1290	507	1041	9145	127295,76	0	0	0	127295,76	-46,3349	-23,9518
"South America"	"Brazil"	"BRSUA"	"Suape"	37	13	396	4186	8831	18510,3	0	0	0	18510,3	-34,9591	-8,3603
"South America"	"Chile"	"CLARI"	"Arica"	1	0	0	0	1	24,18	0	0	0	24,18	-70,3126	-18,4775
"South America"	"Colombia"	"COCTG"	"Cartagena "	1557	635	29	845	4546	55100,49	50	0	0	55150,49	-75,5163	10,4017
"South America"	"Uruguay"	"UYMVD"	"Montevideo"	130	504	101	227	1693	18517,42	0	0	0	18517,42	-56,1730	-34,8561
"South America"	"Venezuela"	"VELAG"	"La Guaira"	0	0	2	0	2	4	210,45	0	0	214,45	-66,9398	10,5999
"South America"	"Venezuela"	"VEPBL"	"Puerto Cabello"	0	0	0	0	0	0	100	0	0	100	-68,1700	10,4704
"Far East"	"Cambodia"	"KHKOS"	"Kompongsom"	21	4	0	0	29	570,21	0	0	0	570,21	103,5078	10,6460
"Far East"	"Cambodia"	"KHPNH"	"Phnom Penh"	16	0	0	0	16	415,56	0	0	0	415,56	104,9147	11,5520
"Far East"	"China"	"CNAQG"	"Anqing"	3	23	0	0	49	451,83	0	0	0	451,83	117,0430	30,5120
"Far East"	"China"	"CNBJO"	"Beijiao"	3	111	0	0	225	1411,37	0	0	0	1411,37	103,0094	30,0073
"Far East"	"China"	"CNCSX"	"Changsha"	29	26	0	0	81	1133,29	0	0	0	1133,29	112,9836	28,1874
"Far East"	"China"	"CNCGU"	"Changshu"	5	5	0	0	15	143,04	0	0	0	143,04	120,7409	31,6434
"Far East"	"China"	"CNCZX"	"Changzhou"	40	5	0	0	50	1057,68	0	0	0	1057,68	119,9388	31,7895
"Far East"	"China"	"CNYAN"	"Chefoo"	65	103	0	0	271	2646,49	0	0	0	2646,49	121,3895	37,5340
"Far East"	"China"	"CNCWN"	"Chiwan (Shenzhen)"	8	8	0	0	24	296,18	0	0	0	296,18	113,8829	22,4835
"Far East"	"China"	"CNCKG"	"Chongqing"	106	40	0	0	186	2632,75	0	0	0	2632,75	106,5493	29,5586
"Far East"	"China"	"CNDFE"	"Dafeng"	1	0	0	0	1	23,5	0	0	0	23,5	120,4563	33,2019
"Far East"	"China"	"CNDLC"	"Dalian"	722	273	0	0	1268	21461,41	22	0	0	21483,41	121,6106	38,9105
"Far East"	"China"	"CNDSN"	"Dongshan"	0	1	0	0	2	29,3	0	0	0	29,3	121,7907	24,6487
"Far East"	"China"	"CNFGC"	"Fangcheng"	31	2	0	0	35	958,17	0	0	0	958,17	118,1812	35,2831
"Far East"	"China"	"CNFSH"	"Foshan"	18	12	0	0	42	495,65	0	0	0	495,65	113,1146	23,0249
"Far East"	"China"	"CNFOC"	"Fuzhou"	163	256	0	0	675	5403,57	0	0	0	5403,57	119,2957	26,0792
"Far East"	"China"	"CNGLN"	"Gailan"	0	17	0	0	34	231,48	0	0	0	231,48	114,7061	28,0246
"Far East"	"China"	"CNGOM"	"Guanghai"	9	0	0	0	9	176,45	0	0	0	176,45	112,7969	21,9623
"Far East"	"China"	"CNGGS"	"Guangshui"	6	9	0	0	24	210,67	0	0	0	210,67	113,8240	31,6183
"Far East"	"China"	"CNHAK"	"Haikou"	2	2	0	0	6	50,45	0	0	0	50,45	110,3410	20,0424
"Far East"	"China"	"CNHGH"	"Hangzhou"	0	1	0	0	2	23,34	0	0	0	23,34	120,1493	30,2665
"Far East"	"China"	"HKHKG"	"Hong Kong"	6122	9080	54	175	24686	208965,64	3	0	0	208968,64	114,1849	22,3506
"Far East"	"China"	"CNHUA"	"Huangpu"	186	101	0	0	388	4429,08	0	0	0	4429,08	116,4617	30,5595
"Far East"	"China"	"CNHSI"	"Huangshi"	6	1	0	0	8	194,15	0	0	0	194,15	115,0333	30,2043
"Far East"	"China"	"CNJMN"	"Jiangmen"	23	27	0	0	77	687,86	0	0	0	687,86	113,0790	22,5766
"Far East"	"China"	"CNJIA"	"Jiangyin"	14	0	0	0	14	319,59	0	0	0	319,59	120,2635	31,9081
"Far East"	"China"	"CNJIZ"	"Jiazi"	1	0	0	0	1	20,04	0	0	0	20,04	116,0670	22,8796
"Far East"	"China"	"CNJGZ"	"Jingzhou"	26	1	0	0	28	584	0	0	0	584	112,1869	30,3539
"Far East"	"China"	"CNJIU"	"Jiujiang"	17	6	0	0	29	454,34	0	0	0	454,34	115,9968	29,7077
"Far East"	"China"	"CNJZU"	"Jiuzhou"	2	5	0	0	12	90,14	0	0	0	90,14	99,2292	25,7522
"Far East"	"China"	"HK002"	"Kwai Chung"	0	1	0	0	2	7,7	0	0	0	7,7	114,1265	22,3620
"Far East"	"China"	"CNLUU"	"Leliu"	0	11	0	0	22	122,37	0	0	0	122,37	113,1234	22,8746
"Far East"	"China"	"CNLYG"	"Lianyungang"	29	29	0	0	87	1100,49	0	0	0	1100,49	119,1695	34,6093
"Far East"	"China"	"CNKHN"	"Nanchang"	0	5	0	0	10	121,91	0	0	0	121,91	115,8979	28,6965
"Far East"	"China"	"CNNKG"	"Nanjing"	128	143	0	0	414	4932,59	0	0	0	4932,59	118,7913	32,0607
"Far East"	"China"	"CNNSA"	"Nansha"	733	2221	14	141	5471	41718,69	0	0	0	41718,69	102,8383	23,2199
"Far East"	"China"	"CNNTG"	"Nantong"	56	34	0	0	124	1745,13	0	0	0	1745,13	120,8902	31,9834
"Far East"	"China"	"CNNBO"	"Ningbo"	8487	12719	22	61	34069	305839,92	0	0	0	305839,92	121,5499	29,8720
"Far East"	"China"	"CNTAO"	"Qingdao"	4283	3311	0	63	11031	137663,51	0	0	0	137663,51	120,3497	36,0895
"Far East"	"China"	"CNQHA"	"Qinhuangdao"	1	0	0	0	1	22,16	0	0	0	22,16	119,5883	39,9317
"Far East"	"China"	"CNQZJ"	"Quanzhou"	0	5	0	0	10	137,44	0	0	0	137,44	118,5858	24,9027
"Far East"	"China"	"CNROQ"	"Rongqi"	6	16	0	0	38	270,95	0	0	0	270,95	113,3071	22,7540
"Far East"	"China"	"CNSHG"	"Sha Gang"	127	66	0	0	259	3136,98	0	0	0	3136,98	113,8675	22,5397
"Far East"	"China"	"CNSHA"	"Shanghai"	21947	22253	118	721	68013	704127,77	8706,99	0	0	712834,76	121,4889	31,2253
"Far East"	"China"	"CNSWA"	"Shantou"	8	15	0	0	38	206,77	0	0	0	206,77	116,6949	23,3653
"Far East"	"China"	"CNSHU"	"Shekou (Shenzhen)"	2795	6671	11	217	16582	120486,15	0	0	0	120486,15	114,3485	30,7153
"Far East"	"China"	"CNSUD"	"Shunde"	12	53	0	0	118	812,03	0	0	0	812,03	113,2715	22,8776
"Far East"	"China"	"CNTAG"	"Taicang"	11	532	0	0	1075	6122,69	0	0	0	6122,69	121,1058	31,4546
"Far East"	"China"	"CNTZO"	"Taizhou"	18	0	0	0	18	429,59	0	0	0	429,59	121,4445	28,6836
"Far East"	"China"	"CNTSN"	"Tianjin"	231	130	0	0	491	7681,44	2781	0	0	10462,44	117,1981	39,1236
"Far East"	"China"	"CNTXG"	"Tianjinxingang"	79	11	0	0	101	2144,35	0	0	0	2144,35	117,1981	39,1236
"Far East"	"China"	"CNWAH"	"Wanzhou"	1	0	0	0	1	9,66	0	0	0	9,66	108,3752	30,8153
"Far East"	"China"	"CNWEI"	"Weihai Shandong"	1	1	0	0	3	17,62	0	0	0	17,62	122,1154	37,5118
"Far East"	"China"	"CNWZH"	"Wenzhou"	27	47	0	0	121	1234,91	0	0	0	1234,91	120,6484	28,0222
"Far East"	"China"	"CNWUH"	"Wuhan"	91	98	0	0	287	3246,99	0	0	0	3246,99	114,2993	30,5960
"Far East"	"China"	"CNWHI"	"Wuhu"	2	0	0	0	2	29,55	0	0	0	29,55	118,3537	31,3426
"Far East"	"China"	"CNWUX"	"Wuxi"	13	0	0	0	13	236,2	0	0	0	236,2	120,3129	31,5874
"Far East"	"China"	"CNWUZ"	"Wuzhou"	5	1	0	0	7	111,23	0	0	0	111,23	111,2972	23,4783
"Far East"	"China"	"CNXMN"	"Xiamen (Xian)"	1997	2883	0	0	7763	64892,94	0	0	0	64892,94	118,1356	24,4974
"Far East"	"China"	"CNXLA"	"Xianlang"	3	0	0	0	3	18,84	0	0	0	18,84	120,2429	36,0113
"Far East"	"China"	"CNXIL"	"Xiaolan"	1	6	0	0	13	82,25	0	0	0	82,25	113,2295	22,6731
"Far East"	"China"	"CNXGG"	"Xingang "	1421	570	0	0	2561	41035,58	0	0	0	41035,58	117,7433	38,9788
"Far East"	"China"	"CNYZH"	"Yangzhou"	14	66	0	0	146	940,3	0	0	0	940,3	119,4366	32,3927
"Far East"	"China"	"CNYNT"	"Yantai"	0	1	0	0	2	10,66	0	0	0	10,66	121,3895	37,5340
"Far East"	"China"	"CNYTI"	"Yantian Huangdong"	3603	9444	3	49	22592	152578,86	0	0	0	152578,86	114,2734	22,5863
"Far East"	"China"	"CNYIC"	"Yichang"	23	14	0	0	51	859,34	0	0	0	859,34	111,3217	30,7711
"Far East"	"China"	"CNYIX"	"Yixing"	8	0	0	0	8	175,09	0	0	0	175,09	119,7853	31,3605
"Far East"	"China"	"CNYUE"	"Yueqing"	0	3	0	0	6	92,85	0	0	0	92,85	120,9584	28,1260
"Far East"	"China"	"CNYUY"	"Yueyang"	4	18	0	0	40	592,46	0	0	0	592,46	113,1230	29,3589
"Far East"	"China"	"CNZJG"	"Zhangjiagang"	215	85	0	0	385	7620,5	0	0	0	7620,5	120,5427	31,8665
"Far East"	"China"	"CNZHA"	"Zhanjiang"	22	1	0	0	24	598,39	0	0	0	598,39	110,4046	21,2022
"Far East"	"China"	"CNZQG"	"Zhaoqing"	1	0	0	0	1	15,73	0	0	0	15,73	112,4728	23,0516
"Far East"	"China"	"CNZHP"	"Zhapu"	96	77	0	0	250	3853,37	0	0	0	3853,37	121,0748	30,5942
"Far East"	"China"	"CNZHE"	"Zhenjiang"	1	0	0	0	1	24,64	0	0	0	24,64	119,4580	32,2140
"Far East"	"China"	"CN013"	"Zhongshan"	17	49	0	0	115	739,42	0	0	0	739,42	120,9419	31,2871
"Far East"	"China"	"CN014"	"Zhuhai"	8	7	0	0	22	189,49	0	0	0	189,49	113,5680	22,2658
"Far East"	"China"	"CNZJI"	"Zhuji"	5	0	0	0	5	97,05	0	0	0	97,05	120,2342	29,7161
"Far East"	"Indonesia"	"IDBTH"	"Batam"	1	0	0	0	1	20,01	0	0	30265	30285,01	104,0285	1,1069
"Far East"	"Indonesia"	"IDBLW"	"Belawan, Sumatra"	145	15	0	0	175	3733,49	0	0	69323	73056,49	98,6918	3,7828
"Far East"	"Indonesia"	"IDDUM"	"Dumai, Sumatra"	0	0	0	0	0	0	0	0	3162	3162	101,4533	1,6815
"Far East"	"Indonesia"	"IDJKT"	"Jakarta, Java"	204	380	0	0	964	10993,76	0	0	0	10993,76	106,8271	-6,1753
"Far East"	"Indonesia"	"IDDJB"	"Jambi, Sumatra"	25	0	0	0	25	589,31	0	0	0	589,31	103,6106	-1,5916
"Far East"	"Indonesia"	"IDMAK"	"Makassar"	1	0	0	0	1	22,5	0	0	0	22,5	119,4126	-5,1347
"Far East"	"Indonesia"	"IDPLM"	"Palembang, Sumatra"	20	0	0	0	20	487,01	0	35740	0	36227,01	104,7569	-2,9888
"Far East"	"Indonesia"	"IDPNJ"	"Panjang"	10	0	0	0	10	239,42	0	0	0	239,42	105,3155	-5,4615
"Far East"	"Indonesia"	"IDSRG"	"Semarang, Java"	130	133	0	0	396	4637,17	0	0	0	4637,17	110,4099	-6,9834
"Far East"	"Indonesia"	"IDSUB"	"Surabaya, Java"	102	35	0	0	172	2273,01	0	0	0	2273,01	112,7559	-7,2387
"Far East"	"Japan"	"JPHKT"	"Hakata, Fukuoka"	8	27	0	0	62	446,27	0	0	0	446,27	130,4207	33,5901
"Far East"	"Japan"	"JPUKB"	"Kobe, Hyogo"	111	92	0	0	295	2793,38	6981,14	0	0	9774,52	135,1343	34,7253
"Far East"	"Japan"	"JPMOJ"	"Moji, Fukuoka"	0	1	0	0	2	11,68	0	0	0	11,68	130,9408	33,9066
"Far East"	"Japan"	"JPNGO"	"Nagoya, Aichi"	139	255	0	0	649	6426,44	0	0	0	6426,44	136,9000	35,1833
"Far East"	"Japan"	"JPNAH"	"Naha, Okinawa"	30	114	20	10	298	1899,9	0	0	0	1899,9	127,6792	26,2126
"Far East"	"Japan"	"JPOMZ"	"Omaezaki, Shizuoka"	0	1	0	0	2	13,41	0	0	0	13,41	138,1418	34,6449
"Far East"	"Japan"	"JPOSA"	"Osaka, Osaka"	32	6	0	0	44	506,52	0	0	0	506,52	135,5021	34,6938
"Far East"	"Japan"	"JPSMZ"	"Shimizu, Shizuoka"	5	0	0	0	5	47,69	0	0	0	47,69	138,5010	35,0195
"Far East"	"Japan"	"JPTYO"	"Tokyo,Tokyo"	34	42	0	0	118	959,09	803	0	0	1762,09	139,7685	35,6801
"Far East"	"Japan"	"JPYKK"	"Yokkaichi, Mie"	5	0	0	0	5	111,42	0	0	0	111,42	136,6249	34,9654
"Far East"	"Japan"	"JPYOK"	"Yokohama, Kanagawa"	60	115	0	0	290	1997,83	3557	0	0	5554,83	139,6421	35,4450
"Far East"	"Malaysia"	"MYKIM"	"Kimanis, Sabah"	0	0	0	0	0	0	0	0	3855	3855	115,8870	5,6165
"Far East"	"Malaysia"	"MYBKI"	"Kota Kinabalu, Sabah"	0	43	0	0	86	824,84	0	0	0	824,84	116,1100	5,9800
"Far East"	"Malaysia"	"MYKUA"	"Kuantan"	0	0	0	0	0	0	0	0	17615	17615	103,3200	3,8300
"Far East"	"Malaysia"	"MYKCH"	"Kuching, Sarawak"	1	0	0	0	1	5,96	0	0	0	5,96	110,3449	1,5600
"Far East"	"Malaysia"	"MYMKZ"	"Malacca"	0	0	0	0	0	0	0	0	16198	16198	102,2559	2,1908
"Far East"	"Malaysia"	"MYPGU"	"Pasir Gudang"	50	14	0	0	78	1239,37	0	0	0	1239,37	103,8787	1,4537
"Far East"	"Malaysia"	"MYPEN"	"Penang"	188	135	0	0	458	5151,71	0	0	0	5151,71	100,2878	5,3805
"Far East"	"Malaysia"	"MYPKG"	"Port Kelang"	3317	2815	86	753	10539	112297,81	0	0	111417	223714,81	101,3018	2,9422
"Far East"	"Malaysia"	"MYTPP"	"Tanjong Pelepas"	4699	4982	48	317	15345	174587,6	0	0	0	174587,6	103,5457	1,3570
"Far East"	"Malaysia"	"MYTWU"	"Tawau, Sabah"	2	0	0	0	2	33,87	0	0	0	33,87	117,8959	4,2615
"Far East"	"Malaysia"	"MYWSP"	"Westport/Port Klang"	0	2	0	0	4	48,58	0	0	0	48,58	101,3187	2,9553
"Far East"	"Myanmar"	"MMRGN"	"Yangon"	5	1	0	0	7	108,85	0	0	0	108,85	96,1647	16,7853
"Far East"	"Philippines"	"PHCEB"	"Cebu"	0	1	0	0	2	11,1	0	0	0	11,1	123,8981	10,3219
"Far East"	"Philippines"	"PHDVO"	"Davao, Mindanao"	3	19	0	0	41	549,18	0	0	0	549,18	125,6280	7,1120
"Far East"	"Philippines"	"PHGES"	"General Santos, Dadiangas"	1	0	0	0	1	18,18	0	0	0	18,18	125,1702	6,1124
"Far East"	"Philippines"	"PHMNL"	"Manila"	81	138	0	0	357	3501,45	0	0	0	3501,45	120,9803	14,6061
"Far East"	"Singapore"	"SGSIN"	"Singapore"	14232	12991	539	2349	45451	465986,95	492	0	1520	467998,95	103,8539	1,2950
"Far East"	"South Korea"	"KR007"	"Gwangyang (Kwangyang)"	3	7	0	0	17	234,73	0	0	0	234,73	127,6967	34,9436
"Far East"	"South Korea"	"KRINC"	"Incheon (Inchon)"	74	1	0	0	76	1568,98	2195	0	0	3763,98	126,6403	37,4781
"Far East"	"South Korea"	"KRKWY"	"Kwangyang"	105	22	0	0	149	2514,07	0	0	0	2514,07	127,6032	34,8981
"Far East"	"South Korea"	"KRMAS"	"Masan"	0	0	0	0	0	0	6125	0	0	6125	128,5677	35,1969
"Far East"	"South Korea"	"KRPUS"	"Busan (Pusan)"	4739	3854	67	394	13302	153578,9	2445	0	0	156023,9	129,0081	35,0970
"Far East"	"South Korea"	"KRPTK"	"Pyeongtaek"	0	0	0	0	0	0	597	0	0	597	127,1139	36,9931
"Far East"	"South Korea"	"KRUSN"	"Ulsan"	0	0	0	0	0	0	295	0	0	295	129,3199	35,5451
"Far East"	"Taiwan"	"TWKHH"	"Kaohsiung"	3582	3672	0	193	11312	119622,89	21	0	0	119643,89	120,2666	22,6333
"Far East"	"Taiwan"	"TWKEL"	"Keelung"	29	41	0	0	111	708,16	0	0	0	708,16	121,7333	25,1333
"Far East"	"Taiwan"	"TWTXG"	"Taichung"	53	43	0	0	139	1492,3	1647	0	0	3139,3	120,6817	24,1521
"Far East"	"Taiwan"	"TWTAO"	"Taoyuan"	544	386	0	0	1316	16693,34	0	0	0	16693,34	120,7600	23,1591
"Far East"	"Taiwan"	"TWTYN"	"Taoyuan City"	18	43	0	0	104	943,69	0	0	0	943,69	121,3065	24,9993
"Far East"	"Thailand"	"THBKK"	"Bangkok"	430	149	0	0	728	10797,82	185	0	0	10982,82	100,5147	13,7519
"Far East"	"Thailand"	"THLMC"	"Laem Chabang"	799	359	0	0	1517	22361,28	0	0	0	22361,28	100,9152	13,0971
"Far East"	"Thailand"	"THSGZ"	"Songkhla"	24	82	0	0	188	2793,44	0	0	0	2793,44	100,5981	7,1979
"Far East"	"Thailand"	"THTPT"	"Thai Prosperity Terminal"	14	0	0	0	14	302,06	0	0	0	302,06	100,5564	13,6529
"Far East"	"Vietnam"	"VNCLI"	"Cat Lai"	107	108	0	0	323	3739,12	0	0	0	3739,12	106,7891	10,7588
"Far East"	"Vietnam"	"VNDAD"	"Da Nang"	1	0	0	0	1	5,24	0	0	0	5,24	108,2261	16,0720
"Far East"	"Vietnam"	"VNHPH"	"Haiphong"	107	369	0	0	845	7102,76	0	0	0	7102,76	106,6781	20,8320
"Far East"	"Vietnam"	"VNSGN"	"Ho Chi Minh City"	354	303	0	0	960	11705,6	0	0	0	11705,6	106,6931	10,7820
"Far East"	"Vietnam"	"VNVNH"	"Vinh"	4	1	0	0	6	118,64	0	0	0	118,64	105,6916	18,6742
"Far East"	"Vietnam"	"VNVUT"	"Vung Tau"	99	49	0	0	197	2326,17	0	0	0	2326,17	107,0850	10,3554
"India and Pakistan"	"Bangladesh"	"BDCGP"	"Chittagong"	96	110	0	0	316	2131,96	0	0	0	2131,96	91,8413	22,3308
"India and Pakistan"	"Bangladesh"	"BDMGL"	"Mongla"	5	1	0	0	7	123	0	0	0	123	89,5955	22,4987
"India and Pakistan"	"India"	"INCOK"	"Cochin"	341	384	2	3	1117	11313,14	0	0	0	11313,14	76,2538	9,9622
"India and Pakistan"	"India"	"INGOA"	"Goa"	0	0	0	0	0	0	7	0	0	7	73,8283	15,4993
"India and Pakistan"	"India"	"INHAL"	"Haldia"	28	0	0	0	28	809,32	0	0	0	809,32	88,0608	22,0355
"India and Pakistan"	"India"	"INHZR"	"Hazira"	0	4	0	0	8	111,44	0	0	0	111,44	72,6614	21,1130
"India and Pakistan"	"India"	"INHZA"	"Hazira Port (Surat)"	41	49	0	0	139	2268,14	0	0	0	2268,14	72,8058	21,1888
"India and Pakistan"	"India"	"INNSA"	"Jawaharlal Neru (Nhava Sheva)"	2606	1256	3	304	5729	69892,09	0	0	0	69892,09	72,9530	18,9537
"India and Pakistan"	"India"	"INCCU"	"Kolkata (Calcutta)"	51	0	0	0	51	1040,68	0	0	0	1040,68	88,3463	22,5687
"India and Pakistan"	"India"	"INMAA"	"Madras (Cennai)"	1564	972	4	33	3578	34145,33	53	0	0	34198,33	80,2818	13,0804
"India and Pakistan"	"India"	"IN007"	"Mundra"	53	16	0	0	85	1501,07	0	0	0	1501,07	69,7238	22,8396
"India and Pakistan"	"India"	"INTUT"	"Tuticorin"	6	5	0	0	16	152,39	0	0	0	152,39	78,1452	8,8054
"India and Pakistan"	"India"	"INVTZ"	"Vishakhapatnam"	3	0	0	0	3	53,84	8099,45	0	0	8153,29	83,3151	17,7119
"India and Pakistan"	"Pakistan"	"PKKHI"	"Karachi"	9	7	0	6	35	346,03	0	0	0	346,03	67,0323	24,8731
"India and Pakistan"	"Pakistan"	"PKBQM"	"Muhammad Bin Qasim"	715	654	4	32	2091	23221,96	0	0	0	23221,96	67,3352	24,7855
"India and Pakistan"	"Sri Lanka"	"LKCMB"	"Colombo"	1655	1361	2	6	4391	46325,12	0	0	0	46325,12	79,8533	6,9343
"Middle East"	"Bahrain"	"BHKBS"	"Port Khalifa Bin Salman"	82	4	0	0	90	1922,57	0	0	0	1922,57	50,6938	26,2080
"Middle East"	"Iran"	"IRBND"	"Bandar Abbas"	507	165	52	1669	4227	22027,03	0	0	0	22027,03	56,2766	27,1781
"Middle East"	"Iran"	"IRSRP"	"Shahid Rajaee Pt/Bandar Abbas"	2	0	0	0	2	47,78	0	0	0	47,78	56,0629	27,1060
"Middle East"	"Iraq"	"IQBSR"	"Basrah"	0	0	0	0	0	0	0	0	97143	97143	47,8254	30,5027
"Middle East"	"Israel"	"ILASH"	"Ashdod"	445	392	1257	2320	7126	25912,84	0	0	0	25912,84	34,6463	31,7981
"Middle East"	"Israel"	"ILHFA"	"Haifa"	1929	2350	726	3261	13877	96928,79	0	0	68372	165300,79	34,9984	32,8191
"Middle East"	"Jordan"	"JOAQB"	"Aqaba"	22	14	270	29	378	1365,17	50,2	0	0	1415,37	35,0028	29,5292
"Middle East"	"Jordan"	"JOAQJ"	"Aqaba (El Aqaba)"	19	5	0	0	29	520,3	0	0	0	520,3	35,0140	29,5320
"Middle East"	"Kuwait"	"KWSWK"	"Shuwaikh"	1	1	0	0	3	16,84	0	0	0	16,84	47,9486	29,3526
"Middle East"	"Lebanon"	"LBBEY"	"Beirut"	128	124	1233	1778	5165	13411,16	413	0	0	13824,16	35,4784	33,8959
"Middle East"	"Oman"	"OMSLL"	"Salalah"	0	0	0	16	32	83,29	0	0	0	83,29	54,0957	17,0148
"Middle East"	"Qatar"	"QADOH"	"Doha"	1	1	0	0	3	13,5	0	0	0	13,5	51,5268	25,2853
"Middle East"	"Saudi Arabia"	"SAJUB"	"Al Jubail"	0	49	2	4	108	1448,66	0	0	0	1448,66	49,6586	27,0265
"Middle East"	"Saudi Arabia"	"SADMN"	"Damman"	316	337	5	40	1075	16400,33	0	0	0	16400,33	50,1365	26,4558
"Middle East"	"Saudi Arabia"	"SAJED"	"Jeddah"	3687	3789	1449	5769	24252	208764,58	952,36	0	0	209716,94	39,1640	21,5822
"Middle East"	"Syria"	"SYLTK"	"Latakia"	3	0	0	0	3	27,79	0	0	0	27,79	35,7781	35,5200
"Middle East"	"Turkey"	"TRERE"	"Eregli, Zonguldak"	0	0	0	0	0	0	0	0	62814	62814	31,4218	41,2795
"Middle East"	"Turkey"	"TRSSX"	"Samsun"	0	1	0	0	2	30,16	0	0	0	30,16	36,3278	41,2898
"Middle East"	"Turkey"	"TRALI"	"Aliaga"	170	85	26	0	366	5342,38	0	0	3118	8460,38	26,9742	38,7994
"Middle East"	"Turkey"	"TRAMB"	"Ambarli"	15	16	445	855	2202	4698,65	0	0	0	4698,65	28,7083	40,9775
"Middle East"	"Turkey"	"TR003"	"Ceyhan"	0	0	0	0	0	0	0	0	765643	765643	35,8171	37,0283
"Middle East"	"Turkey"	"TRDRC"	"Derince, Kocaeli"	0	0	0	0	0	0	645	0	0	645	29,8300	40,7569
"Middle East"	"Turkey"	"TREYP"	"Evyan Port/Kocaeli"	1	2	2	5	17	109	0	0	0	109	29,7139	40,7749
"Middle East"	"Turkey"	"TRGBZ"	"Gebze"	318	335	292	171	1622	13781,17	0	0	2533	16314,17	29,4318	40,8007
"Middle East"	"Turkey"	"TRGEM"	"Gemlik, Bursa"	320	1501	66	83	3554	42273,4	24,28	0	0	42297,68	29,1571	40,4302
"Middle East"	"Turkey"	"TRHAY"	"Haydarpasa, Istanbul"	0	2	56	6	72	186,86	0	0	0	186,86	29,0193	40,9966
"Middle East"	"Turkey"	"TRISK"	"Iskenderun, Hatay"	0	11	0	0	22	208,78	816,9	0	0	1025,68	36,1748	36,5781
"Middle East"	"Turkey"	"TRIST"	"Istanbul"	481	1883	990	2367	9971	56186,58	128	12419	2025	70758,58	28,9652	41,0096
"Middle East"	"Turkey"	"TRIZM"	"Izmir "	1202	1925	328	319	6018	63469,08	16,2	4346	0	67831,28	27,1445	38,4153
"Middle East"	"Turkey"	"TRMER"	"Mersin, Icel"	931	551	18	1762	5575	36132,41	661,77	11925	0	48719,18	34,6305	36,8128
"Middle East"	"Turkey"	"TR006"	"Nemrut Bay"	14	17	0	0	48	726,58	2052,52	0	0	2779,1	26,9304	38,7641
"Middle East"	"Turkey"	"TRTEK"	"Tekirdag"	0	0	0	34	68	136	27,6	0	0	163,6	27,5163	40,9812
"Middle East"	"United Arab Emirates"	"AEAUH"	"Abu Dhabi"	499	159	42	120	1099	15226,39	259,7	0	0	15486,09	54,3706	24,4748
"Middle East"	"United Arab Emirates"	"AEFJR"	"Fujairah"	0	0	0	0	0	0	0	0	195892	195892	56,3439	25,1255
"Middle East"	"United Arab Emirates"	"AEJEA"	"Jebel Ali"	6271	4308	376	1180	17623	260998,05	1780,95	0	0	262779	55,0910	24,9775
"Middle East"	"United Arab Emirates"	"AEKLF"	"Khor al Fakkan"	79	64	118	770	1865	6682,7	0	0	65560	72242,7	56,3458	25,3570
"Middle East"	"United Arab Emirates"	"AEKHL"	"Mina Khalifa/Abu Dhabi"	1	0	0	0	1	7,35	0	0	0	7,35	54,3839	24,5283
"Europe"	"Albania"	"ALDRZ"	"Durres (Durazzo)"	0	2	0	0	4	58	0	0	0	58	19,4717	41,3149
"Europe"	"Albania"	"ALVOA"	"Valona"	0	0	0	0	0	0	0	0	47522	47522	19,4912	40,4738
"Europe"	"Cyprus"	"CYLMS"	"Limassol"	5	1	209	700	1616	3230,03	0	0	65619	68849,03	33,0423	34,6736
"Europe"	"Finland"	"FIHMN"	"Hamina"	0	0	0	0	0	0	1994	0	0	1994	27,2000	60,5667
"Europe"	"Finland"	"FIPRS"	"Jakobstad"	0	0	0	0	0	0	21238	0	0	21238	22,7000	63,6667
"Europe"	"Finland"	"FIKAS"	"Kaskinen"	0	0	0	0	0	0	57302	0	0	57302	21,2229	62,3851
"Europe"	"Finland"	"FIKEM"	"Kemi"	0	0	0	0	0	0	31533	0	0	31533	24,5666	65,7333
"Europe"	"Finland"	"FIKTK"	"Kotka"	0	0	0	0	0	0	3832	0	0	3832	26,9456	60,4673
"Europe"	"Finland"	"FIOUL"	"Oulu"	0	0	0	0	0	0	5236	0	0	5236	25,4717	65,0119
"Europe"	"Finland"	"FIRAU"	"Rauma"	0	0	0	0	0	0	19523,5	0	0	19523,5	21,5039	61,1289
"Europe"	"France"	"FRDKK"	"Dunkerque"	0	0	0	0	0	0	2521,24	0	2028	4549,24	2,3762	51,0355
"Europe"	"France"	"FRGLO"	"Gonfreville L'Orcher"	0	0	0	0	0	0	0	0	2196	2196	0,2338	49,5036
"Europe"	"France"	"FRLEH"	"Le Havre"	119	61	0	0	241	4098,51	0	0	6242	10340,51	0,1079	49,4936
"Europe"	"France"	"FRPJE"	"Port Jerome"	0	0	0	0	0	0	0	0	4230	4230	0,5428	49,4720
"Europe"	"France"	"FRBIA"	"Bastia"	0	0	0	0	0	0	14438,34	0	0	14438,34	9,4525	42,7066
"Europe"	"France"	"FRFOS"	"Fos-sur-Mer"	220	948	8	102	2328	27779,37	0	24535	165572	217886,37	4,9456	43,4381
"Europe"	"France"	"FRGRN"	"Gravenchon"	0	0	0	0	0	0	0	0	4195	4195	0,5677	49,4897
"Europe"	"France"	"FRLAV"	"Lavera"	0	0	0	0	0	0	0	0	11349	11349	5,0256	43,3929
"Europe"	"France"	"FRLIO"	"Lyon"	0	0	0	0	0	0	546	0	0	546	4,8329	45,7572
"Europe"	"France"	"FRMRS"	"Marseille"	387	571	7	234	2004	19399,17	4022,73	7702	0	31123,9	5,3700	43,2962
"Europe"	"France"	"FR888"	"Other French ports"	0	0	0	0	0	0	0	0	1991	1991	2,5535	7,9618
"Europe"	"France"	"FRSET"	"Sete"	0	0	0	14	28	56	0	0	0	56	3,6942	43,4017
"Europe"	"Germany"	"DEHAM"	"Hamburg"	104	67	436	710	2094	7402,7	57	0	0	7459,7	10,0007	53,5503
"Europe"	"Gr. Britain"	"GBFAW"	"Fawley"	0	0	0	0	0	0	0	0	2632	2632	-1,3497	50,8296
"Europe"	"Gr. Britain"	"GBHOP"	"Hound Point"	0	0	0	0	0	0	0	0	83705	83705	-3,3128	56,0367
"Europe"	"Gr. Britain"	"GBHUL"	"Hull"	0	0	0	0	0	0	0	0	2091	2091	-0,3312	53,7420
"Europe"	"Gr. Britain"	"GBSOU"	"Southampton"	0	0	0	0	0	0	179	0	0	179	-1,4042	50,9035
"Europe"	"Gr. Britain"	"GBTIL"	"Tilbury"	2	3	266	50	374	799,5	0	0	0	799,5	0,3644	51,4631
"Europe"	"Greece"	"GRPIR"	"Piraeus"	1120	897	340	2004	7262	50481,69	0	0	0	50481,69	23,6486	37,9442
"Europe"	"Greece"	"GRSMI"	"Samos"	0	0	0	0	0	0	0	0	950	950	26,9746	37,7566
"Europe"	"Latvija"	"LVVNT"	"Ventspils"	0	0	0	0	0	0	0	0	5361	5361	21,5655	57,3892
"Europe"	"Malta"	"MTMLA"	"Malta"	6396	3855	2256	10060	36482	251523,78	3584,17	0	57922	313029,95	14,5134	35,8988
"Europe"	"Malta"	"MT001"	"Marsaxlokk"	410	258	527	374	2201	12157,42	0	0	29895	42052,42	14,5441	35,8419
"Europe"	"Netherlands"	"NLAMS"	"Amsterdam"	0	0	0	0	0	0	1745,3	0	5074	6819,3	4,9014	52,3712
"Europe"	"Netherlands"	"NLIJM"	"Ijmuiden"	0	0	0	0	0	0	46	0	0	46	4,6111	52,4574
"Europe"	"Netherlands"	"NLRTM"	"Rotterdam"	170	1014	83	338	2957	33581,85	593	0	110654	144828,85	4,4632	51,9229
"Europe"	"Norway"	"NOMON"	"Mongstad"	0	0	0	0	0	0	0	0	59617	59617	5,0305	60,8154
"Europe"	"Poland"	"PLGDN"	"Gdansk"	0	0	0	0	0	0	23	0	0	23	18,6543	54,3482
"Europe"	"Poland"	"PLGDY"	"Gdynia"	0	0	0	0	0	0	0	0	4972	4972	18,5412	54,5165
"Europe"	"Portugal"	"PTLEI"	"Leixoes"	0	0	0	0	0	0	0	0	3587	3587	-8,6846	41,1903
"Europe"	"Portugal"	"PTLIS"	"Lisboa"	42	1	0	9	62	1191,38	0	16021	0	17212,38	-9,1394	38,7138
"Europe"	"Portugal"	"PTSET"	"Setubal"	158	126	1	0	411	5736,83	454,35	0	0	6191,18	-8,8932	38,5246
"Europe"	"Romania"	"ROCND"	"Constantza"	0	0	0	0	0	0	0	0	5012	5012	28,6322	44,1719
"Europe"	"Slovenia"	"SIKOP"	"Capo d'Istria"	0	0	0	0	0	0	483	90416	0	90899	13,7305	45,5480
"Europe"	"Spain"	"ESCEU"	"Ceuta"	0	0	0	0	0	0	8347,38	7216	3794	19357,38	-5,3041	35,8884
"Europe"	"Spain"	"ESMLN"	"Melilla"	0	0	207	112	431	862	0	0	0	862	-2,9409	35,2919
"Europe"	"Spain"	"ESAVS"	"Aviles"	0	0	0	0	0	0	7552,29	0	0	7552,29	-5,9220	43,5558
"Europe"	"Spain"	"ESBIO"	"Bilbao"	0	0	0	0	0	0	0	7859	0	7859	-2,9349	43,2630
"Europe"	"Spain"	"ESFER"	"El Ferrol"	0	0	0	0	0	0	483,74	0	0	483,74	-8,2332	43,4847
"Europe"	"Spain"	"ESLCG"	"La Coruna"	0	0	0	0	0	0	0	0	86289	86289	-8,4139	43,3673
"Europe"	"Spain"	"ESSDR"	"Santander"	0	0	0	0	0	0	16625,46	0	0	16625,46	-3,8101	43,4623
"Europe"	"Spain"	"ESACA"	"Alcanar"	0	0	0	0	0	0	0	13147	0	13147	0,4839	40,5446
"Europe"	"Spain"	"ESALG"	"Algeciras"	5881	5000	1603	4306	26096	285119,73	0	0	72134	357253,73	-5,4487	36,1311
"Europe"	"Spain"	"ESALC"	"Alicante"	0	0	0	0	0	0	21,09	0	0	21,09	-0,4821	38,3478
"Europe"	"Spain"	"ESLEI"	"Almeria"	2	0	0	0	2	44,93	0	0	0	44,93	-2,4624	36,8362
"Europe"	"Spain"	"ESAPM"	"Almoines"	207	63	3	75	486	7090,83	0	0	0	7090,83	-0,1810	38,9435
"Europe"	"Spain"	"ESAUZ"	"Arroyo de la Luz"	0	29	0	0	58	423	0	0	0	423	-6,5846	39,4840
"Europe"	"Spain"	"ESBCN"	"Barcelona"	544	618	261	378	2797	25510,07	38771,45	0	42410	106691,52	2,1700	41,3870
"Europe"	"Spain"	"ESCAR"	"Cartagena  "	0	0	0	0	0	0	0	0	235044	235044	-1,0006	37,6268
"Europe"	"Spain"	"ESCAS"	"Castellon de La Plana"	2669	158	1	10	3006	66631,14	6843,37	0	0	73474,51	-0,0374	39,9860
"Europe"	"Spain"	"ESLPA"	"Las Palmas"	2319	1684	199	349	6584	102431,97	0	0	19690	122121,97	-15,4351	28,1288
"Europe"	"Spain"	"ESAGP"	"Malaga"	1	0	1049	742	2534	5202,17	0	0	37566	42768,17	-4,4210	36,7211
"Europe"	"Spain"	"ESMTV"	"Montaverner"	122	47	20	100	436	4629,38	0	0	0	4629,38	-0,4948	38,8879
"Europe"	"Spain"	"ES888"	"Other Spanish ports"	0	0	0	0	0	0	0	0	11026	11026	-4,9736	4,5194
"Europe"	"Spain"	"ESPMI"	"Palma de Mallorca"	0	0	0	0	0	0	212	41116	0	41328	2,6501	39,5696
"Europe"	"Spain"	"ESSCT"	"Santa Cruz de Tenerife"	4	26	0	0	56	713,6	0	0	0	713,6	-16,2536	28,4598
"Europe"	"Spain"	"ESTAR"	"Tarragona"	0	0	0	13	26	58,16	0	86849	26538	113445,16	1,2546	41,1172
"Europe"	"Spain"	"ESVLC"	"Valencia"	2388	916	317	9008	22553	113025,65	0	0	44936	157961,65	-0,3760	39,4699
"Europe"	"Sweden"	"SE001"	"Jatterson"	0	0	0	0	0	0	18540	0	0	18540	16,5505	57,0975
"Europe"	"Sweden"	"SEKAN"	"Karlshamn"	0	0	0	0	0	0	5400	0	0	5400	14,8646	56,1704
"Europe"	"Sweden"	"SEVAG"	"Varberg"	0	0	0	0	0	0	800	0	0	800	12,2503	57,1057
"Georgia, Russia, Ukraine"	"Georgia"	"GEBUS"	"Batumi"	0	0	0	0	0	0	0	0	250318	250318	41,6471	41,6515
"Georgia, Russia, Ukraine"	"Georgia"	"GEKLV"	"Kulevi"	0	0	0	0	0	0	0	0	61074	61074	41,6649	42,2703
"Georgia, Russia, Ukraine"	"Russia"	"RUMMK"	"Murmansk"	0	0	0	0	0	0	0	0	164407	164407	33,0750	68,9707
"Georgia, Russia, Ukraine"	"Russia"	"RUPRI"	"Primorsk, Koivisto"	0	0	0	0	0	0	0	0	593352	593352	28,6167	60,3667
"Georgia, Russia, Ukraine"	"Russia"	"RUULU"	"Uts'-Luga"	0	0	0	0	0	0	0	0	99734	99734	28,2767	59,6516
"Georgia, Russia, Ukraine"	"Russia"	"RUKZP"	"Kavkaz"	0	0	0	0	0	0	0	0	97274	97274	36,6740	45,3406
"Georgia, Russia, Ukraine"	"Russia"	"RUNVS"	"Novorossiysk"	0	0	0	0	0	0	1672,5	0	3483800	3485472,5	37,7900	44,7278
"Georgia, Russia, Ukraine"	"Russia"	"RUROV"	"Rostov"	0	0	0	0	0	0	0	0	95572	95572	39,7132	47,2139
"Georgia, Russia, Ukraine"	"Ukraine"	"UAILK"	"Illichivs'k"	0	0	0	0	0	0	0	0	2910	2910	30,6561	46,3016
"Georgia, Russia, Ukraine"	"Ukraine"	"UAKEH"	"Kerch"	0	0	0	0	0	0	0	0	307193	307193	36,4546	45,3544
"Georgia, Russia, Ukraine"	"Ukraine"	"UAZHD"	"Mariupol "	0	0	0	0	0	0	13888,7	35018	0	48906,7	37,5500	47,0958
"Georgia, Russia, Ukraine"	"Ukraine"	"UASVP"	"Sevastopol"	0	0	0	0	0	0	0	0	30487	30487	33,5224	44,6115
"Italy"	"Italy"	"ITATX"	"Arbatax"	0	0	0	0	0	0	7176,5	0	0	7176,5	9,7077	39,9354
"Italy"	"Italy"	"ITASS"	"Assemini"	0	0	0	0	0	0	0	0	9679	9679	9,0015	39,2915
"Italy"	"Italy"	"ITAUG"	"Augusta"	0	0	0	0	0	0	0	0	77887	77887	15,2197	37,2369
"Italy"	"Italy"	"ITBRI"	"Bari"	0	0	0	0	0	0	0	5606	0	5606	16,8620	41,1258
"Italy"	"Italy"	"ITBDS"	"Brindisi"	0	0	0	0	0	0	3,93	0	0	3,93	17,9527	40,6443
"Italy"	"Italy"	"ITCAG"	"Cagliari"	4163	2835	1142	3271	17517	157015,36	6346,74	0	379820	543182,1	9,1169	39,2225
"Italy"	"Italy"	"ITCTA"	"Catania"	14	33	241	256	833	2494,38	615279,49	0	0	617773,87	15,0871	37,5026
"Italy"	"Italy"	"ITCVV"	"Civitavecchia"	0	0	0	0	0	0	0	10451	0	10451	11,7988	42,0988
"Italy"	"Italy"	"ITFCO"	"Fiumicino"	0	0	0	0	0	0	0	0	95335	95335	12,2339	41,7677
"Italy"	"Italy"	"ITGAE"	"Gaeta"	0	0	0	0	0	0	0	0	31371	31371	13,5628	41,2183
"Italy"	"Italy"	"ITGEA"	"Gela"	0	0	0	0	0	0	0	0	354037	354037	14,2502	37,0664
"Italy"	"Italy"	"ITGIT"	"Gioia Tauro"	17113	8482	418	2628	39751	568795,3	0	0	0	568795,3	15,8990	38,4240
"Italy"	"Italy"	"ITSPE"	"La Spezia"	153	97	17	906	2176	8462,86	39,65	0	1741	10243,51	9,8282	44,1070
"Italy"	"Italy"	"ITLIV"	"Livorno"	2641	1926	51	5150	16844	115902,2	192,54	0	204919	321013,74	10,3160	43,5426
"Italy"	"Italy"	"ITMAZ"	"Mazara del Vallo"	0	0	0	0	0	0	0	0	7300	7300	12,5890	37,6539
"Italy"	"Italy"	"ITMLZ"	"Milazzo"	0	0	0	0	0	0	0	0	290643	290643	15,2412	38,2208
"Italy"	"Italy"	"ITNAP"	"Napoli"	1546	1948	477	497	6913	69764,42	2420,37	0	0	72184,79	14,2493	40,8516
"Italy"	"Italy"	"ITOLB"	"Olbia"	0	0	0	0	0	0	259469,46	0	0	259469,46	9,4994	40,9241
"Italy"	"Italy"	"ITPMO"	"Palermo"	0	0	0	0	0	0	1387169,03	0	0	1387169,03	13,3357	38,1111
"Italy"	"Italy"	"ITPEM"	"Porto Empedocle"	0	0	0	0	0	0	0	49965	0	49965	13,5264	37,2934
"Italy"	"Italy"	"ITPFX"	"Porto Foxi"	0	0	0	0	0	0	0	0	35787	35787	9,0293	39,0797
"Italy"	"Italy"	"ITPTO"	"Porto Torres"	0	0	0	0	0	0	663372,37	0	2086	665458,37	8,4031	40,8344
"Italy"	"Italy"	"ITPRI"	"Priolo"	0	0	0	0	0	0	0	0	8281	8281	15,2032	37,1723
"Italy"	"Italy"	"ITSAL"	"Salerno"	1234	1686	500	1186	7478	61112,34	0	0	0	61112,34	14,7658	40,6780
"Italy"	"Italy"	"ITSPA"	"Santa Panagia"	0	0	0	0	0	0	0	0	29923	29923	15,2797	37,1086
"Italy"	"Italy"	"ITSAT"	"Sant'Antioco"	0	0	0	0	0	0	0	15517	0	15517	8,4596	39,0656
"Italy"	"Italy"	"ITSVN"	"Savona-Vado"	0	0	0	0	0	0	0	0	114992	114992	8,4810	44,3079
"Italy"	"Italy"	"ITTAR"	"Taranto"	0	0	0	0	0	0	0	2815165	330681	3145846	17,2432	40,4712
"Italy"	"Italy"	"ITVDL"	"Vado Ligure"	0	0	2	40	82	170,5	0	0	0	170,5	8,4420	44,2688
"Italy"	"Italy"	"ITVCE"	"Venezia"	0	0	0	0	0	0	0	0	25455	25455	12,3106	45,4461
"Oceania "	"Australia"	"AUADL"	"Adelaide"	31	22	69	88	320	1548,51	0	0	0	1548,51	138,5999	-34,9274
"Oceania "	"Australia"	"AUBNE"	"Brisbane"	2	0	0	0	2	37,73	719	0	0	756,73	153,0235	-27,4690
"Oceania "	"Australia"	"AUFRE"	"Fremantle "	13	2	43	203	466	1197,99	0	0	0	1197,99	115,7462	-32,0559
"Oceania "	"Australia"	"AUMEL"	"Melbourne"	263	81	75	199	898	7853,07	0	0	0	7853,07	144,9632	-37,8142
"Oceania "	"Australia"	"AUSYD"	"Sydney"	213	36	82	150	667	5264,07	0	0	0	5264,07	151,2165	33,8548
"Oceania "	"New Zealand"	"NZAKL"	"Auckland"	4	0	0	0	4	86,98	0	0	0	86,98	174,7656	-36,8535
"Oceania "	"New Zealand"	"NZNPE"	"Napier"	10	0	0	0	10	212,54	0	0	0	212,54	176,9179	39,4909
"Oceania "	"New Zealand"	"NZTRG"	"Tauranga"	2	0	0	0	2	46,59	0	0	0	46,59	176,1684	37,6865
"Oceania "	"Papua New Guinea"	"PGKIM"	"Kimbe"	0	0	0	0	0	0	0	0	14013	14013	150,1530	-5,5563
"Not specified"	"Not specified"	"UNKNW"	"Not specified"	512	588	8207	18180	46255	106236,06	30628,73	0	0	136864,79	0,0000	0,0000
